This is XeTeX, Version 3.141592653-2.6-0.999998 (TeX Live 2026/Arch Linux) (preloaded format=xelatex 2026.6.29)  16 SEP 2026 18:31
entering extended mode
 restricted \write18 enabled.
 %&-line parsing enabled.
**main.tex
(./main.tex
LaTeX2e <2025-11-01>
L3 programming layer <2026-01-19>
(/usr/share/texmf-dist/tex/latex/base/article.cls
Document Class: article 2025/01/22 v1.4n Standard LaTeX document class
(/usr/share/texmf-dist/tex/latex/base/size12.clo
File: size12.clo 2025/01/22 v1.4n Standard LaTeX file (size option)
)
\c@part=\count271
\c@section=\count272
\c@subsection=\count273
\c@subsubsection=\count274
\c@paragraph=\count275
\c@subparagraph=\count276
\c@figure=\count277
\c@table=\count278
\abovecaptionskip=\skip49
\belowcaptionskip=\skip50
\bibindent=\dimen148
)
(/usr/share/texmf-dist/tex/latex/geometry/geometry.sty
Package: geometry 2020/01/02 v5.9 Page Geometry

(/usr/share/texmf-dist/tex/latex/graphics/keyval.sty
Package: keyval 2022/05/29 v1.15 key=value parser (DPC)
\KV@toks@=\toks17
)
(/usr/share/texmf-dist/tex/generic/iftex/ifvtex.sty
Package: ifvtex 2019/10/25 v1.7 ifvtex legacy package. Use iftex instead.

(/usr/share/texmf-dist/tex/generic/iftex/iftex.sty
Package: iftex 2024/12/12 v1.0g TeX engine tests
))
\Gm@cnth=\count279
\Gm@cntv=\count280
\c@Gm@tempcnt=\count281
\Gm@bindingoffset=\dimen149
\Gm@wd@mp=\dimen150
\Gm@odd@mp=\dimen151
\Gm@even@mp=\dimen152
\Gm@layoutwidth=\dimen153
\Gm@layoutheight=\dimen154
\Gm@layouthoffset=\dimen155
\Gm@layoutvoffset=\dimen156
\Gm@dimlist=\toks18
)
(/usr/share/texmf-dist/tex/latex/xcolor/xcolor.sty
Package: xcolor 2024/09/29 v3.02 LaTeX color extensions (UK)

(/usr/share/texmf-dist/tex/latex/graphics-cfg/color.cfg
File: color.cfg 2016/01/02 v1.6 sample color configuration
)
Package xcolor Info: Driver file: xetex.def on input line 274.

(/usr/share/texmf-dist/tex/latex/graphics-def/xetex.def
File: xetex.def 2025/11/01 v5.0p Graphics/color driver for xetex
)
(/usr/share/texmf-dist/tex/latex/graphics/mathcolor.ltx)
Package xcolor Info: Model `cmy' substituted by `cmy0' on input line 1349.
Package xcolor Info: Model `RGB' extended on input line 1365.
Package xcolor Info: Model `HTML' substituted by `rgb' on input line 1367.
Package xcolor Info: Model `Hsb' substituted by `hsb' on input line 1368.
Package xcolor Info: Model `tHsb' substituted by `hsb' on input line 1369.
Package xcolor Info: Model `HSB' substituted by `hsb' on input line 1370.
Package xcolor Info: Model `Gray' substituted by `gray' on input line 1371.
Package xcolor Info: Model `wave' substituted by `hsb' on input line 1372.
)
(/usr/share/texmf-dist/tex/latex/graphics/graphicx.sty
Package: graphicx 2024/12/31 v1.2e Enhanced LaTeX Graphics (DPC,SPQR)

(/usr/share/texmf-dist/tex/latex/graphics/graphics.sty
Package: graphics 2024/08/06 v1.4g Standard LaTeX Graphics (DPC,SPQR)

(/usr/share/texmf-dist/tex/latex/graphics/trig.sty
Package: trig 2023/12/02 v1.11 sin cos tan (DPC)
)
(/usr/share/texmf-dist/tex/latex/graphics-cfg/graphics.cfg
File: graphics.cfg 2016/06/04 v1.11 sample graphics configuration
)
Package graphics Info: Driver file: xetex.def on input line 106.
)
\Gin@req@height=\dimen157
\Gin@req@width=\dimen158
)
(/usr/share/texmf-dist/tex/latex/titlesec/titlesec.sty
Package: titlesec 2025/01/04 v2.17 Sectioning titles
\ttl@box=\box53
\beforetitleunit=\skip51
\aftertitleunit=\skip52
\ttl@plus=\dimen159
\ttl@minus=\dimen160
\ttl@toksa=\toks19
\titlewidth=\dimen161
\titlewidthlast=\dimen162
\titlewidthfirst=\dimen163
)
(/usr/share/texmf-dist/tex/latex/fancyhdr/fancyhdr.sty
Package: fancyhdr 2025/02/07 v5.2 Extensive control of page headers and footers

\f@nch@headwidth=\skip53
\f@nch@offset@elh=\skip54
\f@nch@offset@erh=\skip55
\f@nch@offset@olh=\skip56
\f@nch@offset@orh=\skip57
\f@nch@offset@elf=\skip58
\f@nch@offset@erf=\skip59
\f@nch@offset@olf=\skip60
\f@nch@offset@orf=\skip61
\f@nch@height=\skip62
\f@nch@footalignment=\skip63
\f@nch@widthL=\skip64
\f@nch@widthC=\skip65
\f@nch@widthR=\skip66
\@temptokenb=\toks20
)
(/usr/share/texmf-dist/tex/latex/hyperref/hyperref.sty
Package: hyperref 2026-01-29 v7.01p Hypertext links for LaTeX

(/usr/share/texmf-dist/tex/latex/kvsetkeys/kvsetkeys.sty
Package: kvsetkeys 2022-10-05 v1.19 Key value parser (HO)
)
(/usr/share/texmf-dist/tex/generic/kvdefinekeys/kvdefinekeys.sty
Package: kvdefinekeys 2019-12-19 v1.6 Define keys (HO)
)
(/usr/share/texmf-dist/tex/generic/pdfescape/pdfescape.sty
Package: pdfescape 2019/12/09 v1.15 Implements pdfTeX's escape features (HO)

(/usr/share/texmf-dist/tex/generic/ltxcmds/ltxcmds.sty
Package: ltxcmds 2023-12-04 v1.26 LaTeX kernel commands for general use (HO)
)
(/usr/share/texmf-dist/tex/generic/pdftexcmds/pdftexcmds.sty
Package: pdftexcmds 2020-06-27 v0.33 Utility functions of pdfTeX for LuaTeX (HO
)

(/usr/share/texmf-dist/tex/generic/infwarerr/infwarerr.sty
Package: infwarerr 2019/12/03 v1.5 Providing info/warning/error messages (HO)
)
Package pdftexcmds Info: \pdf@primitive is available.
Package pdftexcmds Info: \pdf@ifprimitive is available.
Package pdftexcmds Info: \pdfdraftmode not found.
))
(/usr/share/texmf-dist/tex/latex/hycolor/hycolor.sty
Package: hycolor 2020-01-27 v1.10 Color options for hyperref/bookmark (HO)
)
(/usr/share/texmf-dist/tex/latex/hyperref/nameref.sty
Package: nameref 2026-01-29 v2.58 Cross-referencing by name of section

(/usr/share/texmf-dist/tex/latex/refcount/refcount.sty
Package: refcount 2019/12/15 v3.6 Data extraction from label references (HO)
)
(/usr/share/texmf-dist/tex/generic/gettitlestring/gettitlestring.sty
Package: gettitlestring 2019/12/15 v1.6 Cleanup title references (HO)

(/usr/share/texmf-dist/tex/latex/kvoptions/kvoptions.sty
Package: kvoptions 2022-06-15 v3.15 Key value format for package options (HO)
))
\c@section@level=\count282
)
(/usr/share/texmf-dist/tex/latex/etoolbox/etoolbox.sty
Package: etoolbox 2025/10/02 v2.5m e-TeX tools for LaTeX (JAW)
\etb@tempcnta=\count283
)
(/usr/share/texmf-dist/tex/generic/stringenc/stringenc.sty
Package: stringenc 2019/11/29 v1.12 Convert strings between diff. encodings (HO
)
)
\@linkdim=\dimen164
\Hy@linkcounter=\count284
\Hy@pagecounter=\count285

(/usr/share/texmf-dist/tex/latex/hyperref/pd1enc.def
File: pd1enc.def 2026-01-29 v7.01p Hyperref: PDFDocEncoding definition (HO)
)
(/usr/share/texmf-dist/tex/generic/intcalc/intcalc.sty
Package: intcalc 2019/12/15 v1.3 Expandable calculations with integers (HO)
)
\Hy@SavedSpaceFactor=\count286

(/usr/share/texmf-dist/tex/latex/hyperref/puenc.def
File: puenc.def 2026-01-29 v7.01p Hyperref: PDF Unicode definition (HO)
)
Package hyperref Info: Hyper figures OFF on input line 4201.
Package hyperref Info: Link nesting OFF on input line 4206.
Package hyperref Info: Hyper index ON on input line 4209.
Package hyperref Info: Plain pages OFF on input line 4216.
Package hyperref Info: Backreferencing OFF on input line 4221.
Package hyperref Info: Implicit mode ON; LaTeX internals redefined.
Package hyperref Info: Bookmarks ON on input line 4468.
\c@Hy@tempcnt=\count287

(/usr/share/texmf-dist/tex/latex/url/url.sty
\Urlmuskip=\muskip17
Package: url 2013/09/16  ver 3.4  Verb mode for urls, etc.
)
LaTeX Info: Redefining \url on input line 4807.
\XeTeXLinkMargin=\dimen165

(/usr/share/texmf-dist/tex/generic/bitset/bitset.sty
Package: bitset 2019/12/09 v1.3 Handle bit-vector datatype (HO)

(/usr/share/texmf-dist/tex/generic/bigintcalc/bigintcalc.sty
Package: bigintcalc 2019/12/15 v1.5 Expandable calculations on big integers (HO
)
))
\Fld@menulength=\count288
\Field@Width=\dimen166
\Fld@charsize=\dimen167
Package hyperref Info: Hyper figures OFF on input line 6084.
Package hyperref Info: Link nesting OFF on input line 6089.
Package hyperref Info: Hyper index ON on input line 6092.
Package hyperref Info: backreferencing OFF on input line 6099.
Package hyperref Info: Link coloring OFF on input line 6104.
Package hyperref Info: Link coloring with OCG OFF on input line 6109.
Package hyperref Info: PDF/A mode OFF on input line 6114.
\Hy@abspage=\count289
\c@Item=\count290
\c@Hfootnote=\count291
)
Package hyperref Info: Driver (autodetected): hxetex.

(/usr/share/texmf-dist/tex/latex/hyperref/hxetex.def
File: hxetex.def 2026-01-29 v7.01p Hyperref driver for XeTeX
\pdfm@box=\box54
\c@Hy@AnnotLevel=\count292
\HyField@AnnotCount=\count293
\Fld@listcount=\count294
\c@bookmark@seq@number=\count295

(/usr/share/texmf-dist/tex/latex/rerunfilecheck/rerunfilecheck.sty
Package: rerunfilecheck 2025-06-21 v1.11 Rerun checks for auxiliary files (HO)

(/usr/share/texmf-dist/tex/generic/uniquecounter/uniquecounter.sty
Package: uniquecounter 2019/12/15 v1.4 Provide unlimited unique counter (HO)
)
Package uniquecounter Info: New unique counter `rerunfilecheck' on input line 2
84.
)
\Hy@SectionHShift=\skip67
)
(/usr/share/texmf-dist/tex/latex/amsmath/amsmath.sty
Package: amsmath 2025/07/09 v2.17z AMS math features
\@mathmargin=\skip68

For additional information on amsmath, use the `?' option.
(/usr/share/texmf-dist/tex/latex/amsmath/amstext.sty
Package: amstext 2024/11/17 v2.01 AMS text

(/usr/share/texmf-dist/tex/latex/amsmath/amsgen.sty
File: amsgen.sty 1999/11/30 v2.0 generic functions
\@emptytoks=\toks21
\ex@=\dimen168
))
(/usr/share/texmf-dist/tex/latex/amsmath/amsbsy.sty
Package: amsbsy 1999/11/29 v1.2d Bold Symbols
\pmbraise@=\dimen169
)
(/usr/share/texmf-dist/tex/latex/amsmath/amsopn.sty
Package: amsopn 2022/04/08 v2.04 operator names
)
\inf@bad=\count296
LaTeX Info: Redefining \frac on input line 233.
\uproot@=\count297
\leftroot@=\count298
LaTeX Info: Redefining \overline on input line 398.
LaTeX Info: Redefining \colon on input line 409.
\classnum@=\count299
\DOTSCASE@=\count300
LaTeX Info: Redefining \ldots on input line 495.
LaTeX Info: Redefining \dots on input line 498.
LaTeX Info: Redefining \cdots on input line 619.
\Mathstrutbox@=\box55
\strutbox@=\box56
LaTeX Info: Redefining \big on input line 721.
LaTeX Info: Redefining \Big on input line 722.
LaTeX Info: Redefining \bigg on input line 723.
LaTeX Info: Redefining \Bigg on input line 724.
\big@size=\dimen170
LaTeX Font Info:    Redeclaring font encoding OML on input line 742.
LaTeX Font Info:    Redeclaring font encoding OMS on input line 743.
\macc@depth=\count301
LaTeX Info: Redefining \bmod on input line 904.
LaTeX Info: Redefining \pmod on input line 909.
LaTeX Info: Redefining \smash on input line 939.
LaTeX Info: Redefining \relbar on input line 969.
LaTeX Info: Redefining \Relbar on input line 970.
\c@MaxMatrixCols=\count302
\dotsspace@=\muskip18
\c@parentequation=\count303
\dspbrk@lvl=\count304
\tag@help=\toks22
\row@=\count305
\column@=\count306
\maxfields@=\count307
\andhelp@=\toks23
\eqnshift@=\dimen171
\alignsep@=\dimen172
\tagshift@=\dimen173
\tagwidth@=\dimen174
\totwidth@=\dimen175
\lineht@=\dimen176
\@envbody=\toks24
\multlinegap=\skip69
\multlinetaggap=\skip70
\mathdisplay@stack=\toks25
LaTeX Info: Redefining \[ on input line 2950.
LaTeX Info: Redefining \] on input line 2951.
)
(/usr/share/texmf-dist/tex/latex/amsfonts/amssymb.sty
Package: amssymb 2013/01/14 v3.01 AMS font symbols

(/usr/share/texmf-dist/tex/latex/amsfonts/amsfonts.sty
Package: amsfonts 2013/01/14 v3.01 Basic AMSFonts support
\symAMSa=\mathgroup4
\symAMSb=\mathgroup5
LaTeX Font Info:    Redeclaring math symbol \hbar on input line 98.
LaTeX Font Info:    Overwriting math alphabet `\mathfrak' in version `bold'
(Font)                  U/euf/m/n --> U/euf/b/n on input line 106.
))
(/usr/share/texmf-dist/tex/latex/mathtools/mathtools.sty
Package: mathtools 2024/10/04 v1.31 mathematical typesetting tools

(/usr/share/texmf-dist/tex/latex/tools/calc.sty
Package: calc 2025/03/01 v4.3b Infix arithmetic (KKT,FJ)
\calc@Acount=\count308
\calc@Bcount=\count309
\calc@Adimen=\dimen177
\calc@Bdimen=\dimen178
\calc@Askip=\skip71
\calc@Bskip=\skip72
LaTeX Info: Redefining \setlength on input line 86.
LaTeX Info: Redefining \addtolength on input line 87.
\calc@Ccount=\count310
\calc@Cskip=\skip73
)
(/usr/share/texmf-dist/tex/latex/mathtools/mhsetup.sty
Package: mhsetup 2021/03/18 v1.4 programming setup (MH)
)
\g_MT_multlinerow_int=\count311
\l_MT_multwidth_dim=\dimen179
\origjot=\skip74
\l_MT_shortvdotswithinadjustabove_dim=\dimen180
\l_MT_shortvdotswithinadjustbelow_dim=\dimen181
\l_MT_above_intertext_sep=\dimen182
\l_MT_below_intertext_sep=\dimen183
\l_MT_above_shortintertext_sep=\dimen184
\l_MT_below_shortintertext_sep=\dimen185
\xmathstrut@box=\box57
\xmathstrut@dim=\dimen186
)
(/usr/share/texmf-dist/tex/latex/booktabs/booktabs.sty
Package: booktabs 2020/01/12 v1.61803398 Publication quality tables
\heavyrulewidth=\dimen187
\lightrulewidth=\dimen188
\cmidrulewidth=\dimen189
\belowrulesep=\dimen190
\belowbottomsep=\dimen191
\aboverulesep=\dimen192
\abovetopsep=\dimen193
\cmidrulesep=\dimen194
\cmidrulekern=\dimen195
\defaultaddspace=\dimen196
\@cmidla=\count312
\@cmidlb=\count313
\@aboverulesep=\dimen197
\@belowrulesep=\dimen198
\@thisruleclass=\count314
\@lastruleclass=\count315
\@thisrulewidth=\dimen199
)
(/usr/share/texmf-dist/tex/latex/multirow/multirow.sty
Package: multirow 2024/11/12 v2.9 Span multiple rows of a table
\multirow@colwidth=\skip75
\multirow@cntb=\count316
\multirow@dima=\skip76
\bigstrutjot=\dimen256
)
(/usr/share/texmf-dist/tex/latex/algorithms/algorithm.sty
Invalid UTF-8 byte or sequence at line 11 replaced by U+FFFD.
Package: algorithm 2009/08/24 v0.1 Document Style `algorithm' - floating enviro
nment

(/usr/share/texmf-dist/tex/latex/float/float.sty
Package: float 2001/11/08 v1.3d Float enhancements (AL)
\c@float@type=\count317
\float@exts=\toks26
\float@box=\box58
\@float@everytoks=\toks27
\@floatcapt=\box59
)
(/usr/share/texmf-dist/tex/latex/base/ifthen.sty
Package: ifthen 2024/03/16 v1.1e Standard LaTeX ifthen package (DPC)
)
\@float@every@algorithm=\toks28
\c@algorithm=\count318
)
(/usr/share/texmf-dist/tex/latex/algorithmicx/algpseudocode.sty
Package: algpseudocode 

(/usr/share/texmf-dist/tex/latex/algorithmicx/algorithmicx.sty
Package: algorithmicx 2005/04/27 v1.2 Algorithmicx

Document Style algorithmicx 1.2 - a greatly improved `algorithmic' style
\c@ALG@line=\count319
\c@ALG@rem=\count320
\c@ALG@nested=\count321
\ALG@tlm=\skip77
\ALG@thistlm=\skip78
\c@ALG@Lnr=\count322
\c@ALG@blocknr=\count323
\c@ALG@storecount=\count324
\c@ALG@tmpcounter=\count325
\ALG@tmplength=\skip79
)
Document Style - pseudocode environments for use with the `algorithmicx' style
) (/usr/share/texmf-dist/tex/latex/pgf/frontendlayer/tikz.sty
(/usr/share/texmf-dist/tex/latex/pgf/basiclayer/pgf.sty
(/usr/share/texmf-dist/tex/latex/pgf/utilities/pgfrcs.sty
(/usr/share/texmf-dist/tex/generic/pgf/utilities/pgfutil-common.tex
\pgfutil@everybye=\toks29
\pgfutil@tempdima=\dimen257
\pgfutil@tempdimb=\dimen258
)
(/usr/share/texmf-dist/tex/generic/pgf/utilities/pgfutil-latex.def
\pgfutil@abb=\box60
)
(/usr/share/texmf-dist/tex/generic/pgf/utilities/pgfrcs.code.tex
(/usr/share/texmf-dist/tex/generic/pgf/pgf.revision.tex)
Package: pgfrcs 2025-08-29 v3.1.11a (3.1.11a)
))
Package: pgf 2025-08-29 v3.1.11a (3.1.11a)

(/usr/share/texmf-dist/tex/latex/pgf/basiclayer/pgfcore.sty
(/usr/share/texmf-dist/tex/latex/pgf/systemlayer/pgfsys.sty
(/usr/share/texmf-dist/tex/generic/pgf/systemlayer/pgfsys.code.tex
Package: pgfsys 2025-08-29 v3.1.11a (3.1.11a)

(/usr/share/texmf-dist/tex/generic/pgf/utilities/pgfkeys.code.tex
\pgfkeys@pathtoks=\toks30
\pgfkeys@temptoks=\toks31

(/usr/share/texmf-dist/tex/generic/pgf/utilities/pgfkeyslibraryfiltered.code.te
x
\pgfkeys@tmptoks=\toks32
))
\pgf@x=\dimen259
\pgf@y=\dimen260
\pgf@xa=\dimen261
\pgf@ya=\dimen262
\pgf@xb=\dimen263
\pgf@yb=\dimen264
\pgf@xc=\dimen265
\pgf@yc=\dimen266
\pgf@xd=\dimen267
\pgf@yd=\dimen268
\w@pgf@writea=\write3
\r@pgf@reada=\read2
\c@pgf@counta=\count326
\c@pgf@countb=\count327
\c@pgf@countc=\count328
\c@pgf@countd=\count329
\t@pgf@toka=\toks33
\t@pgf@tokb=\toks34
\t@pgf@tokc=\toks35
\pgf@sys@id@count=\count330
 (/usr/share/texmf-dist/tex/generic/pgf/systemlayer/pgf.cfg
File: pgf.cfg 2025-08-29 v3.1.11a (3.1.11a)
)
Driver file for pgf: pgfsys-xetex.def

(/usr/share/texmf-dist/tex/generic/pgf/systemlayer/pgfsys-xetex.def
File: pgfsys-xetex.def 2025-08-29 v3.1.11a (3.1.11a)

(/usr/share/texmf-dist/tex/generic/pgf/systemlayer/pgfsys-dvipdfmx.def
File: pgfsys-dvipdfmx.def 2025-08-29 v3.1.11a (3.1.11a)

(/usr/share/texmf-dist/tex/generic/pgf/systemlayer/pgfsys-common-pdf.def
File: pgfsys-common-pdf.def 2025-08-29 v3.1.11a (3.1.11a)
)
\pgfsys@objnum=\count331
)))
(/usr/share/texmf-dist/tex/generic/pgf/systemlayer/pgfsyssoftpath.code.tex
File: pgfsyssoftpath.code.tex 2025-08-29 v3.1.11a (3.1.11a)
\pgfsyssoftpath@smallbuffer@items=\count332
\pgfsyssoftpath@bigbuffer@items=\count333
)
(/usr/share/texmf-dist/tex/generic/pgf/systemlayer/pgfsysprotocol.code.tex
File: pgfsysprotocol.code.tex 2025-08-29 v3.1.11a (3.1.11a)
))
(/usr/share/texmf-dist/tex/generic/pgf/basiclayer/pgfcore.code.tex
Package: pgfcore 2025-08-29 v3.1.11a (3.1.11a)

(/usr/share/texmf-dist/tex/generic/pgf/math/pgfmath.code.tex
(/usr/share/texmf-dist/tex/generic/pgf/math/pgfmathutil.code.tex)
(/usr/share/texmf-dist/tex/generic/pgf/math/pgfmathparser.code.tex
\pgfmath@dimen=\dimen269
\pgfmath@count=\count334
\pgfmath@box=\box61
\pgfmath@toks=\toks36
\pgfmath@stack@operand=\toks37
\pgfmath@stack@operation=\toks38
)
(/usr/share/texmf-dist/tex/generic/pgf/math/pgfmathfunctions.code.tex)
(/usr/share/texmf-dist/tex/generic/pgf/math/pgfmathfunctions.basic.code.tex)
(/usr/share/texmf-dist/tex/generic/pgf/math/pgfmathfunctions.trigonometric.code
.tex)
(/usr/share/texmf-dist/tex/generic/pgf/math/pgfmathfunctions.random.code.tex)
(/usr/share/texmf-dist/tex/generic/pgf/math/pgfmathfunctions.comparison.code.te
x) (/usr/share/texmf-dist/tex/generic/pgf/math/pgfmathfunctions.base.code.tex)
(/usr/share/texmf-dist/tex/generic/pgf/math/pgfmathfunctions.round.code.tex)
(/usr/share/texmf-dist/tex/generic/pgf/math/pgfmathfunctions.misc.code.tex)
(/usr/share/texmf-dist/tex/generic/pgf/math/pgfmathfunctions.integerarithmetics
.code.tex) (/usr/share/texmf-dist/tex/generic/pgf/math/pgfmathcalc.code.tex)
(/usr/share/texmf-dist/tex/generic/pgf/math/pgfmathfloat.code.tex
\c@pgfmathroundto@lastzeros=\count335
))
(/usr/share/texmf-dist/tex/generic/pgf/math/pgfint.code.tex)
(/usr/share/texmf-dist/tex/generic/pgf/basiclayer/pgfcorepoints.code.tex
File: pgfcorepoints.code.tex 2025-08-29 v3.1.11a (3.1.11a)
\pgf@picminx=\dimen270
\pgf@picmaxx=\dimen271
\pgf@picminy=\dimen272
\pgf@picmaxy=\dimen273
\pgf@pathminx=\dimen274
\pgf@pathmaxx=\dimen275
\pgf@pathminy=\dimen276
\pgf@pathmaxy=\dimen277
\pgf@xx=\dimen278
\pgf@xy=\dimen279
\pgf@yx=\dimen280
\pgf@yy=\dimen281
\pgf@zx=\dimen282
\pgf@zy=\dimen283
)
(/usr/share/texmf-dist/tex/generic/pgf/basiclayer/pgfcorepathconstruct.code.tex
File: pgfcorepathconstruct.code.tex 2025-08-29 v3.1.11a (3.1.11a)
\pgf@path@lastx=\dimen284
\pgf@path@lasty=\dimen285
) (/usr/share/texmf-dist/tex/generic/pgf/basiclayer/pgfcorepathusage.code.tex
File: pgfcorepathusage.code.tex 2025-08-29 v3.1.11a (3.1.11a)
\pgf@shorten@end@additional=\dimen286
\pgf@shorten@start@additional=\dimen287
)
(/usr/share/texmf-dist/tex/generic/pgf/basiclayer/pgfcorescopes.code.tex
File: pgfcorescopes.code.tex 2025-08-29 v3.1.11a (3.1.11a)
\pgfpic=\box62
\pgf@hbox=\box63
\pgf@layerbox@main=\box64
\pgf@picture@serial@count=\count336
)
(/usr/share/texmf-dist/tex/generic/pgf/basiclayer/pgfcoregraphicstate.code.tex
File: pgfcoregraphicstate.code.tex 2025-08-29 v3.1.11a (3.1.11a)
\pgflinewidth=\dimen288
)
(/usr/share/texmf-dist/tex/generic/pgf/basiclayer/pgfcoretransformations.code.t
ex
File: pgfcoretransformations.code.tex 2025-08-29 v3.1.11a (3.1.11a)
\pgf@pt@x=\dimen289
\pgf@pt@y=\dimen290
\pgf@pt@temp=\dimen291
) (/usr/share/texmf-dist/tex/generic/pgf/basiclayer/pgfcorequick.code.tex
File: pgfcorequick.code.tex 2025-08-29 v3.1.11a (3.1.11a)
)
(/usr/share/texmf-dist/tex/generic/pgf/basiclayer/pgfcoreobjects.code.tex
File: pgfcoreobjects.code.tex 2025-08-29 v3.1.11a (3.1.11a)
)
(/usr/share/texmf-dist/tex/generic/pgf/basiclayer/pgfcorepathprocessing.code.te
x
File: pgfcorepathprocessing.code.tex 2025-08-29 v3.1.11a (3.1.11a)
) (/usr/share/texmf-dist/tex/generic/pgf/basiclayer/pgfcorearrows.code.tex
File: pgfcorearrows.code.tex 2025-08-29 v3.1.11a (3.1.11a)
\pgfarrowsep=\dimen292
)
(/usr/share/texmf-dist/tex/generic/pgf/basiclayer/pgfcoreshade.code.tex
File: pgfcoreshade.code.tex 2025-08-29 v3.1.11a (3.1.11a)
\pgf@max=\dimen293
\pgf@sys@shading@range@num=\count337
\pgf@shadingcount=\count338
)
(/usr/share/texmf-dist/tex/generic/pgf/basiclayer/pgfcoreimage.code.tex
File: pgfcoreimage.code.tex 2025-08-29 v3.1.11a (3.1.11a)
)
(/usr/share/texmf-dist/tex/generic/pgf/basiclayer/pgfcoreexternal.code.tex
File: pgfcoreexternal.code.tex 2025-08-29 v3.1.11a (3.1.11a)
\pgfexternal@startupbox=\box65
)
(/usr/share/texmf-dist/tex/generic/pgf/basiclayer/pgfcorelayers.code.tex
File: pgfcorelayers.code.tex 2025-08-29 v3.1.11a (3.1.11a)
)
(/usr/share/texmf-dist/tex/generic/pgf/basiclayer/pgfcoretransparency.code.tex
File: pgfcoretransparency.code.tex 2025-08-29 v3.1.11a (3.1.11a)
) (/usr/share/texmf-dist/tex/generic/pgf/basiclayer/pgfcorepatterns.code.tex
File: pgfcorepatterns.code.tex 2025-08-29 v3.1.11a (3.1.11a)
)
(/usr/share/texmf-dist/tex/generic/pgf/basiclayer/pgfcorerdf.code.tex
File: pgfcorerdf.code.tex 2025-08-29 v3.1.11a (3.1.11a)
)))
(/usr/share/texmf-dist/tex/generic/pgf/modules/pgfmoduleshapes.code.tex
File: pgfmoduleshapes.code.tex 2025-08-29 v3.1.11a (3.1.11a)
\pgfnodeparttextbox=\box66
)
(/usr/share/texmf-dist/tex/generic/pgf/modules/pgfmoduleplot.code.tex
File: pgfmoduleplot.code.tex 2025-08-29 v3.1.11a (3.1.11a)
)
(/usr/share/texmf-dist/tex/latex/pgf/compatibility/pgfcomp-version-0-65.sty
Package: pgfcomp-version-0-65 2025-08-29 v3.1.11a (3.1.11a)
\pgf@nodesepstart=\dimen294
\pgf@nodesepend=\dimen295
)
(/usr/share/texmf-dist/tex/latex/pgf/compatibility/pgfcomp-version-1-18.sty
Package: pgfcomp-version-1-18 2025-08-29 v3.1.11a (3.1.11a)
))
(/usr/share/texmf-dist/tex/latex/pgf/utilities/pgffor.sty
(/usr/share/texmf-dist/tex/latex/pgf/utilities/pgfkeys.sty
(/usr/share/texmf-dist/tex/generic/pgf/utilities/pgfkeys.code.tex))
(/usr/share/texmf-dist/tex/latex/pgf/math/pgfmath.sty
(/usr/share/texmf-dist/tex/generic/pgf/math/pgfmath.code.tex))
(/usr/share/texmf-dist/tex/generic/pgf/utilities/pgffor.code.tex
Package: pgffor 2025-08-29 v3.1.11a (3.1.11a)
\pgffor@iter=\dimen296
\pgffor@skip=\dimen297
\pgffor@stack=\toks39
\pgffor@toks=\toks40
))
(/usr/share/texmf-dist/tex/generic/pgf/frontendlayer/tikz/tikz.code.tex
Package: tikz 2025-08-29 v3.1.11a (3.1.11a)

(/usr/share/texmf-dist/tex/generic/pgf/libraries/pgflibraryplothandlers.code.te
x
File: pgflibraryplothandlers.code.tex 2025-08-29 v3.1.11a (3.1.11a)
\pgf@plot@mark@count=\count339
\pgfplotmarksize=\dimen298
)
\tikz@lastx=\dimen299
\tikz@lasty=\dimen300
\tikz@lastxsaved=\dimen301
\tikz@lastysaved=\dimen302
\tikz@lastmovetox=\dimen303
\tikz@lastmovetoy=\dimen304
\tikzleveldistance=\dimen305
\tikzsiblingdistance=\dimen306
\tikz@figbox=\box67
\tikz@figbox@bg=\box68
\tikz@tempbox=\box69
\tikz@tempbox@bg=\box70
\tikztreelevel=\count340
\tikznumberofchildren=\count341
\tikznumberofcurrentchild=\count342
\tikz@fig@count=\count343
 (/usr/share/texmf-dist/tex/generic/pgf/modules/pgfmodulematrix.code.tex
File: pgfmodulematrix.code.tex 2025-08-29 v3.1.11a (3.1.11a)
\pgfmatrixcurrentrow=\count344
\pgfmatrixcurrentcolumn=\count345
\pgf@matrix@numberofcolumns=\count346
)
\tikz@expandcount=\count347

(/usr/share/texmf-dist/tex/generic/pgf/frontendlayer/tikz/libraries/tikzlibrary
topaths.code.tex
File: tikzlibrarytopaths.code.tex 2025-08-29 v3.1.11a (3.1.11a)
)))
(/usr/share/texmf-dist/tex/generic/pgf/frontendlayer/tikz/libraries/tikzlibrary
shapes.geometric.code.tex
File: tikzlibraryshapes.geometric.code.tex 2025-08-29 v3.1.11a (3.1.11a)

(/usr/share/texmf-dist/tex/generic/pgf/libraries/shapes/pgflibraryshapes.geomet
ric.code.tex
File: pgflibraryshapes.geometric.code.tex 2025-08-29 v3.1.11a (3.1.11a)
))
(/usr/share/texmf-dist/tex/generic/pgf/libraries/pgflibraryarrows.meta.code.tex
File: pgflibraryarrows.meta.code.tex 2025-08-29 v3.1.11a (3.1.11a)
\pgfarrowinset=\dimen307
\pgfarrowlength=\dimen308
\pgfarrowwidth=\dimen309
\pgfarrowlinewidth=\dimen310
)
(/usr/share/texmf-dist/tex/generic/pgf/frontendlayer/tikz/libraries/tikzlibrary
positioning.code.tex
File: tikzlibrarypositioning.code.tex 2025-08-29 v3.1.11a (3.1.11a)
)
(/usr/share/texmf-dist/tex/generic/pgf/frontendlayer/tikz/libraries/tikzlibrary
calc.code.tex
File: tikzlibrarycalc.code.tex 2025-08-29 v3.1.11a (3.1.11a)
)
(/usr/share/texmf-dist/tex/generic/pgf/frontendlayer/tikz/libraries/tikzlibrary
fit.code.tex
File: tikzlibraryfit.code.tex 2025-08-29 v3.1.11a (3.1.11a)
)
(/usr/share/texmf-dist/tex/generic/pgf/frontendlayer/tikz/libraries/tikzlibrary
backgrounds.code.tex
File: tikzlibrarybackgrounds.code.tex 2025-08-29 v3.1.11a (3.1.11a)
\pgf@layerbox@background=\box71
\pgf@layerboxsaved@background=\box72
)
(/usr/share/texmf-dist/tex/generic/pgf/frontendlayer/tikz/libraries/tikzlibrary
shadows.code.tex
File: tikzlibraryshadows.code.tex 2025-08-29 v3.1.11a (3.1.11a)

(/usr/share/texmf-dist/tex/generic/pgf/frontendlayer/tikz/libraries/tikzlibrary
fadings.code.tex
File: tikzlibraryfadings.code.tex 2025-08-29 v3.1.11a (3.1.11a)

(/usr/share/texmf-dist/tex/generic/pgf/libraries/pgflibraryfadings.code.tex
File: pgflibraryfadings.code.tex 2025-08-29 v3.1.11a (3.1.11a)
)))
(/usr/share/texmf-dist/tex/latex/xepersian/xepersian.sty
Package: xepersian 2026/01/01 v26.01.01 (Release Iran) Persian typesetting in X
eLaTeX

****************************************************
* 
* xepersian package (Persian for LaTeX format in XeTeX and LuaTeX engines)
* 
* Description: A convenient interface for typesetting Persian and
English documents with LaTeX format in XeTeX and LuaTeX engines.
* 
* Copyright (c) 2008--2026 Vafa Khalighi
* Copyright (c) 2018--2020 bidi-tex GitHub Organization
* 
* v26.01.01 (Release Iran), 2026/01/01
* 
* License: LaTeX Project Public License, version
* 1.3c or higher (your choice)
* 
* Location on CTAN: /macros/unicodetex/latex/xepersian
* 
* Issue tracker: https://github.com/xepersian/xepersian/issues
* 
* Primary author of xepersian package: Vafa Khalighi.
* 
****************************************************
(/usr/share/texmf-dist/tex/latex/fontspec/fontspec.sty
(/usr/share/texmf-dist/tex/latex/l3packages/xparse/xparse.sty
(/usr/share/texmf-dist/tex/latex/l3kernel/expl3.sty
Package: expl3 2026-01-19 L3 programming layer (loader) 

(/usr/share/texmf-dist/tex/latex/l3backend/l3backend-xetex.def
File: l3backend-xetex.def 2025-10-09 L3 backend support: XeTeX
\g__graphics_track_int=\count348
\g__pdfannot_backend_int=\count349
\g__pdfannot_backend_link_int=\count350
))
Package: xparse 2025-10-09 L3 Experimental document command parser
)
Package: fontspec 2025/09/29 v2.9g Font selection for XeLaTeX and LuaLaTeX

(/usr/share/texmf-dist/tex/latex/fontspec/fontspec-xetex.sty
Package: fontspec-xetex 2025/09/29 v2.9g Font selection for XeLaTeX and LuaLaTe
X
\l__fontspec_script_int=\count351
\l__fontspec_language_int=\count352
\l__fontspec_strnum_int=\count353
\l__fontspec_tmp_int=\count354
\l__fontspec_tmpa_int=\count355
\l__fontspec_tmpb_int=\count356
\l__fontspec_tmpc_int=\count357
\l__fontspec_em_int=\count358
\l__fontspec_emdef_int=\count359
\l__fontspec_strong_int=\count360
\l__fontspec_strongdef_int=\count361
\l__fontspec_tmpa_dim=\dimen311
\l__fontspec_tmpb_dim=\dimen312
\l__fontspec_tmpc_dim=\dimen313

(/usr/share/texmf-dist/tex/latex/base/fontenc.sty
Package: fontenc 2025/07/18 v2.1d Standard LaTeX package
)
(/usr/share/texmf-dist/tex/latex/fontspec/fontspec.cfg)))
(/usr/share/texmf-dist/tex/latex/xepersian/unicode-persiancal.sty
Package: unicode-persiancal 2025/01/01 v0.3 Unicode Persian calendar
\XePersian@i=\count362
\XePersian@y=\count363
\XePersian@m=\count364
\XePersian@d=\count365
\XePersian@latini=\count366
\XePersian@persiani=\count367
\XePersian@latinii=\count368
\XePersian@persianii=\count369
\XePersian@latiniii=\count370
\XePersian@persianiii=\count371
\XePersian@latiniv=\count372
\XePersian@persianiv=\count373
\XePersian@latinv=\count374
\XePersian@persianv=\count375
\XePersian@latinvi=\count376
\XePersian@persianvi=\count377
\XePersian@latinvii=\count378
\XePersian@persianvii=\count379
\XePersian@latinviii=\count380
\XePersian@persianviii=\count381
\XePersian@latinix=\count382
\XePersian@persianix=\count383
\XePersian@latinx=\count384
\XePersian@persianx=\count385
\XePersian@latinxi=\count386
\XePersian@persianxi=\count387
\XePersian@latinxii=\count388
\XePersian@persianxii=\count389
\XePersian@persianxiii=\count390
\XePersian@temp=\count391
\XePersian@temptwo=\count392
\XePersian@tempthree=\count393
\XePersian@yModHundred=\count394
\XePersian@thirtytwo=\count395
\XePersian@dn=\count396
\XePersian@sn=\count397
\XePersian@mminusone=\count398
)
(/usr/share/texmf-dist/tex/latex/xepersian/unicode-persianmath.sty
Package: unicode-persianmath 2026/01/01 v1.2.6 Unicode Persian math
)
(/usr/share/texmf-dist/tex/latex/bidi/bidi.sty
Package: bidi 2026/01/08 v26.01.08 (Release Iran) Bidirectional typesetting in 
plain TeX and LaTeX

****************************************************
* 
* bidi package (Bidirectional typesetting with
* plain TeX and LaTeX formats in XeTeX and LuaTeX engines)
* 
* Description: A convenient interface for
* typesetting bidirectional texts in plain TeX
* and LaTeX. The package includes adaptations
* for use with many other commonly-used packages.
* 
* Copyright (c) 2007--2026 Vafa Khalighi
* Copyright (c) 2018--2020 bidi-tex GitHub organization
* 
* v26.01.08 (Release Iran), 2026/01/08
* 
* License: LaTeX Project Public License, version
* 1.3c or higher (your choice)
* 
* Location on CTAN: /macros/unicodetex/generic/bidi
* 
* Issue tracker: https://github.com/xepersian/bidi/issues
* 
* Primary author of bidi package: Vafa Khalighi.
* 
****************************************************
(/usr/share/texmf-dist/tex/latex/bidi/biditools.sty
Package: biditools 2025/12/19 v2.9 Programming tools for bidi package
\@bidi@envbody=\toks41
\@bidi@emptytoks=\toks42
\bidi@poscount=\count399
\bidi@tempcountb=\count400
\bidi@temptoksa=\toks43
\bidi@temptoksb=\toks44
\bidi@dummies=\count401
\bidi@are@these@correct=\toks45
\bidi@toks@lista=\toks46
\bidi@toks@listb=\toks47
\bidi@stack@length=\count402
\bidi@empty@stack=\toks48
\bidi@looprepeat@depth=\count403
)
(/usr/share/texmf-dist/tex/latex/zref/zref-abspage.sty
Package: zref-abspage 2025-06-08 v2.36 Module abspage for zref (HO)

(/usr/share/texmf-dist/tex/latex/zref/zref-base.sty
Package: zref-base 2025-06-08 v2.36 Module base for zref (HO)

(/usr/share/texmf-dist/tex/generic/etexcmds/etexcmds.sty
Package: etexcmds 2019/12/15 v1.7 Avoid name clashes with e-TeX commands (HO)
)
(/usr/share/texmf-dist/tex/latex/auxhook/auxhook.sty
Package: auxhook 2019-12-17 v1.6 Hooks for auxiliary files (HO)
)
Package zref Info: New property list: main on input line 767.
Package zref Info: New property: default on input line 768.
Package zref Info: New property: page on input line 769.
)
\c@abspage=\count404
Package zref Info: New property: abspage on input line 67.
)
\@bidi@copyins@=\insert252
\bidi@typesethour=\count405
\bidi@typesetminute=\count406

(/usr/share/texmf-dist/tex/latex/bidi/latex-xetex-bidi.def
File: latex-xetex-bidi.def 2025/12/19 v1.5.6 bidi adaptations for `latex.ltx' f
or XeTeX engine
\bidi@n@everypar=\toks49
LaTeX Info: Redefining \centerline on input line 317.
LaTeX Info: Redefining \leftline on input line 326.
LaTeX Info: Redefining \rightline on input line 327.
LaTeX Info: Redefining \underline on input line 335.
\bidi@column@check@number=\count407

(/usr/share/texmf-dist/tex/latex/bidi/footnote-xetex-bidi.def
File: footnote-xetex-bidi.def 2025/09/30 v1.6 bidi footnote macros for XeTeX en
gine
\c@footdir@label=\count408
\footdir@toks=\toks50
)
(/usr/share/texmf-dist/tex/latex/bidi/article-xetex-bidi.def
File: article-xetex-bidi.def 2025/09/30 v1.2 bidi adaptations for standard arti
cle class for XeTeX engine
)
(/usr/share/texmf-dist/tex/latex/bidi/amsmath-xetex-bidi.def
File: amsmath-xetex-bidi.def 2020/05/16 v1.2 bidi adaptations for amsmath packa
ge for XeTeX engine
)
(/usr/share/texmf-dist/tex/latex/bidi/amstext-xetex-bidi.def
File: amstext-xetex-bidi.def 2016/09/12 v0.2 bidi adaptations for amstext packa
ge for XeTeX engine
)
(/usr/share/texmf-dist/tex/latex/bidi/color-xetex-bidi.def
File: color-xetex-bidi.def 2013/04/08 v0.2 bidi adaptations for color package f
or XeTeX engine
LaTeX Info: Redefining \color on input line 50.
)
(/usr/share/texmf-dist/tex/latex/bidi/fancyhdr-xetex-bidi.def
File: fancyhdr-xetex-bidi.def 2025/09/03 v1.0 bidi adaptations for fancyhdr pac
kage for XeTeX engine
)
(/usr/share/texmf-dist/tex/latex/bidi/float-xetex-bidi.def
File: float-xetex-bidi.def 2013/04/04 v0.2 bidi adaptations for float package f
or XeTeX engine
)
(/usr/share/texmf-dist/tex/latex/bidi/geometry-xetex-bidi.def
File: geometry-xetex-bidi.def 2017/01/14 v0.2 bidi adaptations for geometry pac
kage for XeTeX engine
)
(/usr/share/texmf-dist/tex/latex/bidi/graphicx-xetex-bidi.def
File: graphicx-xetex-bidi.def 2017/06/17 v0.5 bidi adaptations for graphicx pac
kage for XeTeX engine
)
(/usr/share/texmf-dist/tex/latex/bidi/hyperref-xetex-bidi.def
File: hyperref-xetex-bidi.def 2025/12/06 v1.5 bidi adaptations for hyperref pac
kage for XeTeX engine
)
(/usr/share/texmf-dist/tex/latex/bidi/mathtools-xetex-bidi.def
File: mathtools-xetex-bidi.def 2025/01/03 v0.2 bidi adaptations for mathtools p
ackage for XeTeX engine
)
(/usr/share/texmf-dist/tex/latex/bidi/pgfsys-xetex-bidi.def
File: pgfsys-xetex-bidi.def 2025/01/05 v0.1 bidi adaptations for pgfsys package
 for XeTeX engine
)
(/usr/share/texmf-dist/tex/latex/bidi/titlesec-xetex-bidi.def
File: titlesec-xetex-bidi.def 2010/07/25 v0.1 bidi adaptations for titlesec pac
kage for XeTeX engine
)
(/usr/share/texmf-dist/tex/latex/bidi/xcolor-xetex-bidi.def
File: xcolor-xetex-bidi.def 2022/06/13 v0.3 bidi adaptations for xcolor package
 for XeTeX engine
LaTeX Info: Redefining \color on input line 49.
LaTeX Info: Redefining \bidicolor on input line 92.
)
(/usr/share/texmf-dist/tex/latex/bidi/pgfcorescopes.code-xetex-bidi.def
File: pgfcorescopes.code-xetex-bidi.def 2015/11/14 v0.1 bidi adaptations for pg
f package for XeTeX engine
))
\bidi@digits=\count409
\bidi@digits@charclass=\XeTeXcharclass1
\bidi@sepmark@charclass=\XeTeXcharclass2
)
\xepersian@tcl=\count410
\xepersian@ilg=\dimen314
\xepersian@strutilg=\dimen315

(/usr/share/texmf-dist/tex/latex/xepersian/footnote-xetex-bidi-xetex-xepersian.
def
File: footnote-xetex-bidi-xetex-xepersian.def 2017/08/09 v0.6 xepersian adaptat
ions for footnotes for XeTeX engine
) (/usr/share/texmf-dist/tex/latex/xepersian/article-xetex-xepersian.def
File: article-xetex-xepersian.def 2010/07/25 v0.2 xepersian adaptations for sta
ndard article class for XeTeX engine
)
(/usr/share/texmf-dist/tex/latex/xepersian/algorithm-xetex-xepersian.def
File: algorithm-xetex-xepersian.def 2010/07/25 v0.2 xepersian adaptations for a
lgorithm package for XeTeX engine
)
(/usr/share/texmf-dist/tex/latex/xepersian/hyperref-xetex-xepersian.def
File: hyperref-xetex-xepersian.def 2022/10/30 v0.8 xepersian adaptations for hy
perref package for XeTeX engine
)
(/usr/share/texmf-dist/tex/latex/xepersian/url-xetex-xepersian.def
File: url-xetex-xepersian.def 2025/09/03 v0.2 xepersian adaptations for url pac
kage for XeTeX engine
)
\xepersian@toks=\toks51
)

Package fontspec Info: 
(fontspec)             Font family 'lmroman10-regular(0)' created for font
(fontspec)             'lmroman10-regular' with options
(fontspec)             [Ligatures=TeX,Path,BoldFont={lmroman10-bold},BoldItalic
Font={lmroman10-bolditalic},ItalicFont={lmroman10-italic},SmallCapsFont={lmroma
ncaps10-regular},SlantedFont={lmromanslant10-regular},BoldSlantedFont={lmromans
lant10-bold}].
(fontspec)              
(fontspec)              This font family consists of the following NFSS
(fontspec)             series/shapes:
(fontspec)              
(fontspec)             - 'normal' (m/n) with NFSS spec.:
(fontspec)             <->"[lmroman10-regular]/OT:script=latn;language=dflt;map
ping=tex-text;"
(fontspec)             - 'small caps'  (m/sc) with NFSS spec.:
(fontspec)             <->"[lmromancaps10-regular]/OT:script=latn;language=dflt
;mapping=tex-text;"
(fontspec)             - 'bold' (b/n) with NFSS spec.:
(fontspec)             <->"[lmroman10-bold]/OT:script=latn;language=dflt;mappin
g=tex-text;"
(fontspec)             - 'bold small caps'  (b/sc) with NFSS spec.:
(fontspec)             <->"[lmromancaps10-regular]/OT:script=latn;language=dflt
;mapping=tex-text;"
(fontspec)             - 'italic' (m/it) with NFSS spec.:
(fontspec)             <->"[lmroman10-italic]/OT:script=latn;language=dflt;mapp
ing=tex-text;"
(fontspec)             - 'italic small caps'  (m/scit) with NFSS spec.:
(fontspec)             <->"[lmromancaps10-regular]/OT:script=latn;language=dflt
;mapping=tex-text;"
(fontspec)             - 'slanted' (m/sl) with NFSS spec.:
(fontspec)             <->"[lmromanslant10-regular]/OT:script=latn;language=dfl
t;mapping=tex-text;"
(fontspec)             - 'slanted small caps'  (m/scsl) with NFSS spec.:
(fontspec)             <->"[lmromancaps10-regular]/OT:script=latn;language=dflt
;mapping=tex-text;"
(fontspec)             - 'bold italic' (b/it) with NFSS spec.:
(fontspec)             <->"[lmroman10-bolditalic]/OT:script=latn;language=dflt;
mapping=tex-text;"
(fontspec)             - 'bold italic small caps'  (b/scit) with NFSS spec.:
(fontspec)             <->"[lmromancaps10-regular]/OT:script=latn;language=dflt
;mapping=tex-text;"
(fontspec)             - 'bold slanted' (b/sl) with NFSS spec.:
(fontspec)             <->"[lmromanslant10-bold]/OT:script=latn;language=dflt;m
apping=tex-text;"
(fontspec)             - 'bold slanted small caps'  (b/scsl) with NFSS spec.:
(fontspec)             <->"[lmromancaps10-regular]/OT:script=latn;language=dflt
;mapping=tex-text;"


Package fontspec Info: 
(fontspec)             Could not resolve font "Vazirmatn/I" (it probably
(fontspec)             doesn't exist).


Package fontspec Info: 
(fontspec)             Font family 'Vazirmatn(0)' created for font 'Vazirmatn'
(fontspec)             with options
(fontspec)             [RawFeature={script=arab},Ligatures=PersianTeX].
(fontspec)              
(fontspec)              This font family consists of the following NFSS
(fontspec)             series/shapes:
(fontspec)              
(fontspec)             - 'normal' (m/n) with NFSS spec.:
(fontspec)             <->"Vazirmatn/OT:script=latn;language=dflt;script=arab;m
apping=persian-tex-text;"
(fontspec)             - 'small caps'  (m/sc) with NFSS spec.:
(fontspec)             <->"Vazirmatn/OT:script=latn;language=dflt;script=arab;+
smcp;mapping=persian-tex-text;"
(fontspec)             - 'bold' (b/n) with NFSS spec.:
(fontspec)             <->"Vazirmatn/B/OT:script=latn;language=dflt;script=arab
;mapping=persian-tex-text;"
(fontspec)             - 'bold small caps'  (b/sc) with NFSS spec.:
(fontspec)             <->"Vazirmatn/B/OT:script=latn;language=dflt;script=arab
;+smcp;mapping=persian-tex-text;"
(fontspec)             - 'bold italic' (b/it) with NFSS spec.:
(fontspec)             <->"Vazirmatn/BI/OT:script=latn;language=dflt;script=ara
b;mapping=persian-tex-text;"
(fontspec)             - 'bold italic small caps'  (b/scit) with NFSS spec.:
(fontspec)             <->"Vazirmatn/BI/OT:script=latn;language=dflt;script=ara
b;+smcp;mapping=persian-tex-text;"


Package fontspec Info: 
(fontspec)             Font family 'LiberationSerif(0)' created for font
(fontspec)             'Liberation Serif' with options [Ligatures=TeX].
(fontspec)              
(fontspec)              This font family consists of the following NFSS
(fontspec)             series/shapes:
(fontspec)              
(fontspec)             - 'normal' (m/n) with NFSS spec.: <->"Liberation
(fontspec)             Serif/OT:script=latn;language=dflt;mapping=tex-text;"
(fontspec)             - 'bold' (b/n) with NFSS spec.: <->"Liberation
(fontspec)             Serif/B/OT:script=latn;language=dflt;mapping=tex-text;"
(fontspec)             - 'italic' (m/it) with NFSS spec.: <->"Liberation
(fontspec)             Serif/I/OT:script=latn;language=dflt;mapping=tex-text;"
(fontspec)             - 'bold italic' (b/it) with NFSS spec.: <->"Liberation
(fontspec)             Serif/BI/OT:script=latn;language=dflt;mapping=tex-text;"


LaTeX Info: Redefining \latinfont on input line 38.
Package hyperref Info: Option `colorlinks' set `true' on input line 47.

(/usr/share/texmf-dist/tex/latex/bidi/float-xetex-bidi.def
File: float-xetex-bidi.def 2013/04/04 v0.2 bidi adaptations for float package f
or XeTeX engine
) (./main.aux

LaTeX Warning: Label `tab:mobilellm_pro_ift_data' multiply defined.


LaTeX Warning: Label `tab:mobilellm_pro_instruct_eval' multiply defined.

)
\openout1 = `main.aux'.

LaTeX Font Info:    Checking defaults for OML/cmm/m/it on input line 70.
LaTeX Font Info:    ... okay on input line 70.
LaTeX Font Info:    Checking defaults for OMS/cmsy/m/n on input line 70.
LaTeX Font Info:    ... okay on input line 70.
LaTeX Font Info:    Checking defaults for OT1/cmr/m/n on input line 70.
LaTeX Font Info:    ... okay on input line 70.
LaTeX Font Info:    Checking defaults for T1/cmr/m/n on input line 70.
LaTeX Font Info:    ... okay on input line 70.
LaTeX Font Info:    Checking defaults for TS1/cmr/m/n on input line 70.
LaTeX Font Info:    ... okay on input line 70.
LaTeX Font Info:    Checking defaults for TU/lmr/m/n on input line 70.
LaTeX Font Info:    ... okay on input line 70.
LaTeX Font Info:    Checking defaults for OMX/cmex/m/n on input line 70.
LaTeX Font Info:    ... okay on input line 70.
LaTeX Font Info:    Checking defaults for U/cmr/m/n on input line 70.
LaTeX Font Info:    ... okay on input line 70.
LaTeX Font Info:    Checking defaults for PD1/pdf/m/n on input line 70.
LaTeX Font Info:    ... okay on input line 70.
LaTeX Font Info:    Checking defaults for PU/pdf/m/n on input line 70.
LaTeX Font Info:    ... okay on input line 70.

*geometry* driver: auto-detecting
*geometry* detected driver: xetex
*geometry* verbose mode - [ preamble ] result:
* driver: xetex
* paper: a4paper
* layout: <same size as paper>
* layoutoffset:(h,v)=(0.0pt,0.0pt)
* modes: 
* h-part:(L,W,R)=(56.9055pt, 483.69687pt, 56.9055pt)
* v-part:(T,H,B)=(56.9055pt, 731.23584pt, 56.9055pt)
* \paperwidth=597.50787pt
* \paperheight=845.04684pt
* \textwidth=483.69687pt
* \textheight=731.23584pt
* \oddsidemargin=-15.36449pt
* \evensidemargin=-15.36449pt
* \topmargin=-52.36449pt
* \headheight=15.0pt
* \headsep=25.0pt
* \topskip=12.0pt
* \footskip=30.0pt
* \marginparwidth=35.0pt
* \marginparsep=10.0pt
* \columnsep=10.0pt
* \skip\footins=10.8pt plus 4.0pt minus 2.0pt
* \hoffset=0.0pt
* \voffset=0.0pt
* \mag=1000
* \@twocolumnfalse
* \@twosidefalse
* \@mparswitchfalse
* \@reversemarginfalse
* (1in=72.27pt=25.4mm, 1cm=28.453pt)

Package hyperref Info: Link coloring ON on input line 70.
(./main.out) (./main.out)
\@outlinefile=\write4
\openout4 = `main.out'.

 [1

] (./main.toc
LaTeX Font Info:    Trying to load font information for U+msa on input line 2.

(/usr/share/texmf-dist/tex/latex/amsfonts/umsa.fd
File: umsa.fd 2013/01/14 v3.01 AMS symbols A
)
LaTeX Font Info:    Trying to load font information for U+msb on input line 2.

(/usr/share/texmf-dist/tex/latex/amsfonts/umsb.fd
File: umsb.fd 2013/01/14 v3.01 AMS symbols B
)
Overfull \hbox (0.24371pt too wide) detected at line 15
 [][][]\TU/Vazirmatn(0)/m/n/12 ۲۲۲[][][]
 []


Overfull \hbox (1.39215pt too wide) detected at line 16
 [][][]\TU/Vazirmatn(0)/m/n/12 ۲۴۴[][][]
 []


Overfull \hbox (1.82574pt too wide) detected at line 18
 [][][]\TU/Vazirmatn(0)/m/n/12 ۲۸۵[][][]
 []


Overfull \hbox (1.44489pt too wide) detected at line 19
 [][][]\TU/Vazirmatn(0)/m/n/12 ۳۰۵[][][]
 []


Overfull \hbox (2.44098pt too wide) detected at line 20
 [][][]\TU/Vazirmatn(0)/m/n/12 ۳۲۴[][][]
 []


Overfull \hbox (1.22223pt too wide) detected at line 21
 [][][]\TU/Vazirmatn(0)/m/n/12 ۳۴۰[][][]
 []


Overfull \hbox (2.44098pt too wide) detected at line 27
 [][][]\TU/Vazirmatn(0)/m/n/12 ۳۴۲[][][]
 []


Overfull \hbox (2.44098pt too wide) detected at line 28
 [][][]\TU/Vazirmatn(0)/m/n/12 ۳۴۲[][][]
 []


Overfull \hbox (4.06403pt too wide) detected at line 29
 [][][]\TU/Vazirmatn(0)/m/n/12 ۳۴۳[][][]
 []


Overfull \hbox (4.06403pt too wide) detected at line 30
 [][][]\TU/Vazirmatn(0)/m/n/12 ۳۴۳[][][]
 []


Overfull \hbox (2.16559pt too wide) detected at line 33
 [][][]\TU/Vazirmatn(0)/m/n/12 ۳۵۹[][][]
 []


Overfull \hbox (0.98785pt too wide) detected at line 34
 [][][]\TU/Vazirmatn(0)/m/n/12 ۳۶۶[][][]
 []


Overfull \hbox (3.43707pt too wide) detected at line 36
 [][][]\TU/Vazirmatn(0)/m/n/12 ۳۷۸[][][]
 []


Overfull \hbox (3.22614pt too wide) detected at line 37
 [][][]\TU/Vazirmatn(0)/m/n/12 ۳۸۴[][][]
 []


Overfull \hbox (0.14996pt too wide) detected at line 38
 [][][]\TU/Vazirmatn(0)/m/n/12 ۳۹۰[][][]
 []


Overfull \hbox (0.92926pt too wide) detected at line 39
 [][][]\TU/Vazirmatn(0)/m/n/12 ۳۹۶[][][]
 []

[1])
\tf@toc=\write5
\openout5 = `main.toc'.

 [2] (./sections/01_training.tex
(./models/Training/Data/Pre-Training/deepseek_v4.tex [3]
Overfull \hbox (30.1879pt too wide) in paragraph at lines 60--61
[][] [][][]\TU/Vazirmatn(0)/b/n/12 ارزیابی‌های آماری مدل‌های پایه ([]\TU/Libera
tionSerif(0)/b/n/12 Base Model Evaluations[]\TU/Vazirmatn(0)/b/n/12 )[][][] \TU
/Vazirmatn(0)/m/n/12 نتایج ارزیابی مدل‌های پایه پیش‌آموزش‌دیده[]
 []

[4]) (./models/Training/Data/Pre-Training/glm_5.tex
Overfull \hbox (10.11514pt too wide) in paragraph at lines 12--13
[]$\OT1/cmr/m/n/12 4[]$\TU/Vazirmatn(0)/m/n/12 ، تفکیک‌شده به ۱۸ تریلیون توکن م
تون عمومی و چندزبانه و ۹ تریلیون توکن کدهای برنامه‌نویسی[]
 []

[5]
Overfull \hbox (16.10544pt too wide) in paragraph at lines 34--35
[][]\TU/Vazirmatn(0)/b/n/12 مهار پدیده گم‌شدن در میانه ([]\TU/LiberationSerif(0
)/b/n/12 Mitigating Lost-in-the-Middle[]\TU/Vazirmatn(0)/b/n/12 ): \TU/Vazirmat
n(0)/m/n/12 با الهام از ساختارهای []\TU/LiberationSerif(0)/m/n/12 NextLong[][]
 []

[6]
Overfull \hbox (10.24258pt too wide) in paragraph at lines 45--46
[][] [][][]\TU/Vazirmatn(0)/b/n/12 ارزیابی‌های آماری مدل‌های پایه ([]\TU/Libera
tionSerif(0)/b/n/12 Base Model Evaluations[]\TU/Vazirmatn(0)/b/n/12 )[][][] \TU
/Vazirmatn(0)/m/n/12 نتایج ارزیابی مدل پایه پیش‌آموزش‌دیده[]
 []


Overfull \hbox (6.04922pt too wide) in paragraph at lines 45--46
[][]\TU/LiberationSerif(0)/m/n/12 EvalPlus[] \TU/Vazirmatn(0)/m/n/12 دست یافته 
است (رشد نسبی ۱۱.‏۴٪ نسبت به []\TU/LiberationSerif(0)/b/n/12 GLM-4.5-Base[] \TU
/Vazirmatn(0)/m/n/12 و ۳۲.‏۶٪ نسبت به []\TU/LiberationSerif(0)/b/n/12 DeepSeek-
[][]
 []

) (./models/Training/Data/Pre-Training/kimi_k3.tex [7]
Overfull \hbox (22.13516pt too wide) in paragraph at lines 7--9
[]\TU/Vazirmatn(0)/m/n/12 ارتقای هم‌زمان خط‌لوله داده، پویایی بهینه‌سازی و بازن
ویسی متون موجب دستیابی به \TU/Vazirmatn(0)/b/n/12 بهره‌وری مقیاس‌بندی[]
 []


Overfull \hbox (1.84055pt too wide) in paragraph at lines 15--16
[][]\TU/Vazirmatn(0)/b/n/12 ریاضیات ([]\TU/LiberationSerif(0)/b/n/12 Mathematic
s[]\TU/Vazirmatn(0)/b/n/12 ): \TU/Vazirmatn(0)/m/n/12 اسناد تحلیلی، متون دارای 
نمادگذاری علمی لاتک ([]\TU/LiberationSerif(0)/m/n/12 L[]T[]X[]\TU/Vazirmatn(0)/
m/n/12 ) و اثبات‌های[]
 []


Overfull \hbox (1.24216pt too wide) in paragraph at lines 16--17
[][]\TU/Vazirmatn(0)/b/n/12 دانش تخصصی ([]\TU/LiberationSerif(0)/b/n/12 Knowled
ge[]\TU/Vazirmatn(0)/b/n/12 ): \TU/Vazirmatn(0)/m/n/12 دانشنامه‌ها، کتب مرجع، ا
سناد حقوقی، داده‌های مالی و مقالات[]
 []

[8]
Overfull \hbox (2.49606pt too wide) in paragraph at lines 42--43
[][]\TU/Vazirmatn(0)/b/n/12 داده‌های برنامه‌نویسی بصری ([]\TU/LiberationSerif(0
)/b/n/12 Programmatic Multimodal Data[]\TU/Vazirmatn(0)/b/n/12 ): \TU/Vazirmatn
(0)/m/n/12 علاوه بر داده‌های کلاسیک[]
 []


Overfull \hbox (4.22653pt too wide) in paragraph at lines 42--43
[]\TU/Vazirmatn(0)/m/n/12 تصویر-زیرنویس، اسناد متنی-تصویری درهم‌تنیده و []\TU/L
iberationSerif(0)/m/n/12 OCR[]\TU/Vazirmatn(0)/m/n/12 ، حجم عظیمی از داده‌های ب
رنامه‌نویسی[]
 []


Overfull \hbox (3.55661pt too wide) in paragraph at lines 54--55
[]\TU/Vazirmatn(0)/m/n/12 طبیعی اسناد طولانی منسجم در وب، فراوانی اسناد طولانی 
و ویدئوها در مراحل پایانی پیش‌آموزش[]
 []


Overfull \hbox (28.5375pt too wide) in paragraph at lines 62--63
[][] [][][]\TU/Vazirmatn(0)/b/n/12 برنامه درسی پیشرونده طول بافتار ([]\TU/Liber
ationSerif(0)/b/n/12 Progressive Context Curriculum[]\TU/Vazirmatn(0)/b/n/12 )[
][][] \TU/Vazirmatn(0)/m/n/12 مدیریت محاسبات پیش‌آموزش[]
 []

[9]
Overfull \hbox (8.0961pt too wide) in paragraph at lines 80--81
[][] [][][]\TU/Vazirmatn(0)/b/n/12 مشخصات آماری و معماری داده‌محور ([]\TU/Liber
ationSerif(0)/b/n/12 Architectural Specifications[]\TU/Vazirmatn(0)/b/n/12 )[][
][] \TU/Vazirmatn(0)/m/n/12 جدول [][][][][][]۳[][][][][][] مقایسه مشخصات[]
 []

) (./models/Training/Data/Pre-Training/magistral.tex
Overfull \hbox (2.0065pt too wide) in paragraph at lines 4--5
[]\TU/Vazirmatn(0)/m/n/12 استدلالی شرکت []\TU/LiberationSerif(0)/m/n/12 Mistral
 AI[] \TU/Vazirmatn(0)/m/n/12 [[]] معرفی شده‌اند. برخلاف رویه سنتی پیش‌آموزش خا
م بر روی تریلیون‌ها[]
 []

[10] [11]
Overfull \hbox (0.58786pt too wide) in paragraph at lines 34--35
[][]\TU/Vazirmatn(0)/b/n/12 پاداش پایداری زبان ([]\TU/LiberationSerif(0)/b/n/12
 Language Consistency[]\TU/Vazirmatn(0)/b/n/12 ): \TU/Vazirmatn(0)/m/n/12 پس از
 پاک‌سازی علائم لاتک و کدهای دستوری،[]
 []


Overfull \hbox (80.81345pt too wide) detected at line 49
[][][]\OMS/cmsy/m/n/12 J[]\OT1/cmr/m/n/12 (\OML/cmm/m/it/12 ^^R\OT1/cmr/m/n/12 
) = \U/msb/m/n/12 E[] []
 []


Overfull \hbox (48.60397pt too wide) in paragraph at lines 68--77
 [][][][] 
 []


Overfull \hbox (13.84958pt too wide) in paragraph at lines 105--106
[]\TU/Vazirmatn(0)/m/n/12 کاملاً بر بستر داده‌های متنی محض صورت پذیرفت، مدل قاب
لیت‌های انکودر بصری پیش‌آموزش‌دیده[]
 []

[12]) (./models/Training/Data/Pre-Training/minimax_m2.tex [13]
Overfull \hbox (12.37344pt too wide) in paragraph at lines 22--23
[][] [][][]\TU/Vazirmatn(0)/b/n/12 پیش‌بینی چندتوکنی و اهداف آموزشی ([]\TU/Libe
rationSerif(0)/b/n/12 Multi-Token Prediction & Objectives[]\TU/Vazirmatn(0)/b/n
/12 )[][][] \TU/Vazirmatn(0)/m/n/12 به منظور غنی‌سازی[]
 []


Overfull \hbox (20.93204pt too wide) in paragraph at lines 44--45
[][] [][][]\TU/Vazirmatn(0)/b/n/12 ارزیابی‌های تجربی و مطالعات ابطال در مقیاس پ
یش‌آموزش ([]\TU/LiberationSerif(0)/b/n/12 Pre-Training Evaluations & Ablations[
]\TU/Vazirmatn(0)/b/n/12 )[][][][]
 []

[14]) (./models/Training/Data/Pre-Training/mobilellm_pro.tex [15]
Overfull \hbox (1.46329pt too wide) in paragraph at lines 52--53
[][] [][][]\TU/Vazirmatn(0)/b/n/12 بسط بافت متن بدون جابجایی توزیع ([]\TU/Liber
ationSerif(0)/b/n/12 Implicit Positional Distillation[]\TU/Vazirmatn(0)/b/n/12 
)[][][] \TU/Vazirmatn(0)/m/n/12 یکی از نوآوری‌های بنیادین[]
 []

[16]
Overfull \hbox (0.1586pt too wide) in paragraph at lines 59--60
[]\TU/Vazirmatn(0)/m/n/12 ساختار پیش‌آموزش خوشه‌بندی شده و به زیرمجموعه‌های متم
رکز بر حوزه‌های خاص تفکیک می‌شوند.[]
 []


Overfull \hbox (6.03366pt too wide) in paragraph at lines 75--86
 [][][][] 
 []


Overfull \hbox (3.29927pt too wide) in paragraph at lines 96--105
 [][][][] 
 []

[17]) (./models/Training/Data/Pre-Training/nemotron_3.tex
Overfull \hbox (8.8129pt too wide) in paragraph at lines 4--5
[][] [][][]\TU/Vazirmatn(0)/b/n/12 مقدمه و ساختار مقیاس دادگان پیش‌آموزش[][][] 
\TU/Vazirmatn(0)/m/n/12 خانواده مدل‌های زبانی []\TU/LiberationSerif(0)/b/n/12 N
emotron 3[] \TU/Vazirmatn(0)/m/n/12 (شامل نسخه‌های[]
 []


Overfull \hbox (5.16989pt too wide) in paragraph at lines 6--7
[][]\TU/Vazirmatn(0)/b/n/12 مقیاس پیش‌آموزش پایدار با فرمت عددی []\TU/Liberatio
nSerif(0)/b/n/12 NVFP4[]\TU/Vazirmatn(0)/b/n/12 : \TU/Vazirmatn(0)/m/n/12 معمار
ی پیوندی مانبا-متخصصان ([]\TU/LiberationSerif(0)/m/n/12 Mamba-[][]
 []


Overfull \hbox (6.93161pt too wide) in paragraph at lines 8--9
[][]\TU/Vazirmatn(0)/b/n/12 دادگان ارزیابی و آزمایش‌های مقایسه‌ای ([]\TU/Libera
tionSerif(0)/b/n/12 Ablation Baselines[]\TU/Vazirmatn(0)/b/n/12 ): \TU/Vazirmat
n(0)/m/n/12 برای سنجش دقیق نوآوری‌هایی[]
 []

[18]
Overfull \hbox (4.39883pt too wide) in paragraph at lines 17--18
[]\TU/Vazirmatn(0)/m/n/12 ماهیت استدلالی و لزوم پردازش زمینه‌های چند صد هزار تو
کنی، داده‌های پیش‌آموزش شامل شاخه‌های[]
 []


Overfull \hbox (1.475pt too wide) in paragraph at lines 51--52
[]\TU/Vazirmatn(0)/m/n/12 فرمت []\TU/LiberationSerif(0)/m/n/12 NVFP4[] \TU/Vazi
rmatn(0)/m/n/12 با بهره‌گیری از میکروبلوک‌های ۱۶ عنصری، فاکتور مقیاس‌بندی []\TU
/LiberationSerif(0)/m/n/12 E4M3[] \TU/Vazirmatn(0)/m/n/12 و مقیاس سراسری[]
 []

[19]) (./models/Training/Data/Pre-Training/qwen_3.tex [20] [21]
Overfull \hbox (0.1777pt too wide) in paragraph at lines 29--30
[][]\TU/Vazirmatn(0)/b/n/12 بهینه‌سازی توزیع در سطح نمونه ([]\TU/LiberationSeri
f(0)/b/n/12 Instance-Level Optimization[]\TU/Vazirmatn(0)/b/n/12 ): \TU/Vazirma
tn(0)/m/n/12 برخلاف رویکردهای پیشین[]
 []


Overfull \hbox (17.26797pt too wide) in paragraph at lines 36--37
[][] [][][]\TU/Vazirmatn(0)/b/n/12 برنامه درسی سه‌مرحله‌ای پیش‌آموزش ([]\TU/Lib
erationSerif(0)/b/n/12 Three-Stage Pre-training Curriculum[]\TU/Vazirmatn(0)/b/
n/12 )[][][] \TU/Vazirmatn(0)/m/n/12 فرآیند پیش‌آموزش[]
 []

[22]) (./models/Training/Data/Pre-Training/olmo_3.tex
Overfull \hbox (1.89883pt too wide) in paragraph at lines 4--5
[][] [][][]\TU/Vazirmatn(0)/b/n/12 مقدمه و فلسفه بنیادین دادگان پیش‌آموزش ([]\T
U/LiberationSerif(0)/b/n/12 Pre-Training Data Philosophy[]\TU/Vazirmatn(0)/b/n/
12 )[][][] \TU/Vazirmatn(0)/m/n/12 در چارچوب چرخه[]
 []

[23] [24] [25] [26]
Overfull \hbox (15.58005pt too wide) in paragraph at lines 46--47
[][]\TU/Vazirmatn(0)/b/n/12 پالایش خطوط و عبارات کلیشه‌ای ([]\TU/LiberationSeri
f(0)/b/n/12 Line Modifiers[]\TU/Vazirmatn(0)/b/n/12 ): \TU/Vazirmatn(0)/m/n/12 
حذف سطرها و بندهای آلوده به هرزنامه‌های[]
 []


Overfull \hbox (0.85739pt too wide) in paragraph at lines 48--49
[]\TU/Vazirmatn(0)/m/n/12 همکاران [[]] جهت پالایش جملاتی با تعداد کلمات تمام‌بز
رگ یا الگوهای منظم غیرعادی ([]\TU/LiberationSerif(0)/m/n/12 Cursed[][]
 []


Overfull \hbox (94.90475pt too wide) in paragraph at lines 56--72
 [][][][] 
 []


Overfull \hbox (10.20547pt too wide) in paragraph at lines 75--76
[][] [][][]\TU/Vazirmatn(0)/b/n/12 معماری سه‌سطحی حذف تکرار مقیاس‌بالا ([]\TU/L
iberationSerif(0)/b/n/12 Three-Stage Deduplication[]\TU/Vazirmatn(0)/b/n/12 )[]
[][] \TU/Vazirmatn(0)/m/n/12 به منظور افزایش بهره‌وری[]
 []

[27] [28] [29]
Overfull \hbox (40.63522pt too wide) in paragraph at lines 132--148
 [][][][] 
 []


Overfull \hbox (7.63907pt too wide) in paragraph at lines 151--152
[][] [][][]\TU/Vazirmatn(0)/b/n/12 پیکربندی محاسباتی و هایپرپارامترهای پیش‌آموز
ش[][][] \TU/Vazirmatn(0)/m/n/12 آموزش مدل‌های پایه بر بستر زیرساخت پرسرعت[]
 []


Overfull \hbox (49.26607pt too wide) in paragraph at lines 157--177
 [][][][] 
 []

) (./models/Training/Data/Post-Training/deepseek_v4.tex
Overfull \hbox (23.79727pt too wide) in paragraph at lines 4--5
[][] [][][]\TU/Vazirmatn(0)/b/n/12 مقدمه و پارادایم نوین دادگان پس‌آموزش[][][] 
\TU/Vazirmatn(0)/m/n/12 فاز پس‌آموزش ([]\TU/LiberationSerif(0)/m/n/12 Post-Trai
ning[]\TU/Vazirmatn(0)/m/n/12 ) در سری مدل‌های []\TU/LiberationSerif(0)/b/n/12 
DeepSeek-[][]
 []


Overfull \hbox (1.93008pt too wide) in paragraph at lines 4--5
[]\TU/Vazirmatn(0)/m/n/12 ترکیبی ([]\TU/LiberationSerif(0)/m/n/12 Mixed Reinfor
cement Learning[]\TU/Vazirmatn(0)/m/n/12 ) که با چالش رقابت گرادیان‌ها و تضعیف 
هم‌زمان مهارت‌های[]
 []

[30]
Overfull \hbox (0.70895pt too wide) in paragraph at lines 14--15
[][]\TU/Vazirmatn(0)/b/n/12 یادگیری تقویتی با الگوریتم []\TU/LiberationSerif(0)
/b/n/12 GRPO[]\TU/Vazirmatn(0)/b/n/12 : \TU/Vazirmatn(0)/m/n/12 بهینه‌سازی خط‌م
شی با الگوریتم بهینه‌سازی نسبی خط‌مشی[]
 []

[31]
Overfull \hbox (67.09549pt too wide) in paragraph at lines 67--67
[][]\TU/lmtt/m/n/10.95 <|DSML|parameter name="$PARAM_NAME" string="true|false">
$PARAM_VALUE</|DSML|parameter>[] []
 []


Overfull \hbox (2.2109pt too wide) in paragraph at lines 70--71
[][]\TU/Vazirmatn(0)/b/n/12 استدلال متناوب ([]\TU/LiberationSerif(0)/b/n/12 Int
erleaved Thinking[]\TU/Vazirmatn(0)/b/n/12 ): \TU/Vazirmatn(0)/m/n/12 برخلاف رو
یکردهای پیشین، در سناریوهای ابزارمحور[]
 []


Overfull \hbox (18.99216pt too wide) in paragraph at lines 71--72
[]\TU/Vazirmatn(0)/m/n/12 جلوگیری از بازپردازش پرهزینه پیش‌تکمیل ([]\TU/Liberat
ionSerif(0)/m/n/12 Prefill[]\TU/Vazirmatn(0)/m/n/12 )، توکن‌های اختصاصی نظیر []
\TU/LiberationSerif(0)/m/n/12 <|action|>[] \TU/Vazirmatn(0)/m/n/12 (تشخیص[]
 []

[32] [33]
Overfull \hbox (9.61911pt too wide) in paragraph at lines 157--158
[][]\TU/Vazirmatn(0)/b/n/12 دستورات پیچیده و نگارش چندنوبته (۱۹۶ پرامپت چالش‌بر
انگیز): \TU/Vazirmatn(0)/m/n/12 طبق جدول [][][][][][]۳۰[][][][][][]، رقابت فشرد
ه‌ای[]
 []


Overfull \hbox (29.88474pt too wide) in paragraph at lines 160--161
[][]\TU/Vazirmatn(0)/b/n/12 عامل‌های مهندسی نرم‌افزار در محیط []\TU/LiberationS
erif(0)/b/n/12 R&D[]\TU/Vazirmatn(0)/b/n/12 : \TU/Vazirmatn(0)/m/n/12 طبق جدول 
[][][][][][]۳۲[][][][][][]، ارزیابی روی ۳۰ تسک استانداردسازی‌شده[]
 []

) (./models/Training/Data/Post-Training/glm_5.tex [34]
Overfull \hbox (8.6547pt too wide) in paragraph at lines 19--20
[][] [][][]\TU/Vazirmatn(0)/b/n/12 قالب‌بندی داده‌ها و حالات سه‌گانه تفکر ([]\T
U/LiberationSerif(0)/b/n/12 Thinking Modes[]\TU/Vazirmatn(0)/b/n/12 )[][][] \TU
/Vazirmatn(0)/m/n/12 قالب پرامپت‌ها در داده‌های پس‌آموزش[]
 []

[35]
Overfull \hbox (4.01407pt too wide) in paragraph at lines 27--28
[][] [][][]\TU/Vazirmatn(0)/b/n/12 داده‌ها و فرمولاسیون یادگیری تقویتی استدلال 
([]\TU/LiberationSerif(0)/b/n/12 Reasoning RL[]\TU/Vazirmatn(0)/b/n/12 )[][][] 
\TU/Vazirmatn(0)/m/n/12 در مرحله استدلال تحلیلی، داده‌ها[]
 []


Overfull \hbox (4.88278pt too wide) in paragraph at lines 30--31
[][]\TU/Vazirmatn(0)/b/n/12 کدنویسی رقابتی و علمی: \TU/Vazirmatn(0)/m/n/12 مسائ
ل مسابقات برنامه‌نویسی از پلتفرم []\TU/LiberationSerif(0)/m/n/12 Codeforces[]\T
U/Vazirmatn(0)/m/n/12 ، مجموعه‌داده‌های[]
 []

[36]
Overfull \hbox (1.84567pt too wide) in paragraph at lines 61--62
[][]\TU/Vazirmatn(0)/b/n/12 نمونه‌برداری اهمیتی دوطرفه مستقیم ([]\TU/Liberation
Serif(0)/b/n/12 Direct Double-sided Importance Sampling[]\TU/Vazirmatn(0)/b/n/1
2 ): \TU/Vazirmatn(0)/m/n/12 کنترل[]
 []


Overfull \hbox (7.77774pt too wide) in paragraph at lines 83--84
[][] [][][]\TU/Vazirmatn(0)/b/n/12 ارزیابی‌های تجربی روی مجموعه‌داده‌های عامل‌م
حور و دنیای واقعی[][][] \TU/Vazirmatn(0)/m/n/12 به منظور ارزیابی کارایی داده‌ها
ی[]
 []

[37]
Overfull \hbox (3.08101pt too wide) in paragraph at lines 137--138
[][]\TU/Vazirmatn(0)/b/n/12 ترجمه زبانی دشوار ([]\TU/LiberationSerif(0)/b/n/12 
MENT-SNS[] \TU/Vazirmatn(0)/b/n/12 [[]]): \TU/Vazirmatn(0)/m/n/12 ۷۵۳ جفت‌جمله 
انگلیسی-چینی دارای کنایه و استعاره؛[]
 []


Overfull \hbox (5.78903pt too wide) in paragraph at lines 138--139
[][]\TU/Vazirmatn(0)/b/n/12 گفت‌وگوی چندزبانه ([]\TU/LiberationSerif(0)/b/n/12 
ZMultiDialBench[]\TU/Vazirmatn(0)/b/n/12 ): \TU/Vazirmatn(0)/m/n/12 ۱۴۱ سناریوی
 چندزبانه ارزیابی‌شده توسط متخصصان؛[]
 []


Overfull \hbox (27.28708pt too wide) in paragraph at lines 139--140
[][]\TU/Vazirmatn(0)/b/n/12 پیروی از دستورات پیچیده ([]\TU/LiberationSerif(0)/b
/n/12 IF-Badcase[]\TU/Vazirmatn(0)/b/n/12 ): \TU/Vazirmatn(0)/m/n/12 ۴۵۰ نمونه 
پرامپت با محدودیت‌های چندگانه استخراج‌شده[]
 []

) (./models/Training/Data/Post-Training/kimi_k3.tex [38]
Overfull \hbox (2.84308pt too wide) in paragraph at lines 12--13
[]\TU/Vazirmatn(0)/m/n/12 پیچیده عاملی، داده‌ها با قالب نشانه‌گذاری اختصاصی []\
TU/LiberationSerif(0)/m/n/12 XTML[] \TU/Vazirmatn(0)/m/n/12 ([]\TU/LiberationSe
rif(0)/m/n/12 eXtensible Token Markup Language[]\TU/Vazirmatn(0)/m/n/12 )[]
 []


Overfull \hbox (7.22849pt too wide) in paragraph at lines 28--29
[][]\TU/Vazirmatn(0)/b/n/12 سنتز مسیرهای عاملی ([]\TU/LiberationSerif(0)/b/n/12
 Trajectory Synthesis[]\TU/Vazirmatn(0)/b/n/12 ): \TU/Vazirmatn(0)/m/n/12 داده‌
های عاملی با استفاده از مدل‌های تخصصی[]
 []


Overfull \hbox (5.6879pt too wide) in paragraph at lines 34--35
[][] [][][]\TU/Vazirmatn(0)/b/n/12 سنتز داده‌های یادگیری تقویتی با هدایت گراف د
انش ([]\TU/LiberationSerif(0)/b/n/12 KG-Guided Task Synthesis[]\TU/Vazirmatn(0)
/b/n/12 )[][][] \TU/Vazirmatn(0)/m/n/12 جهت پوشش[]
 []


Overfull \hbox (2.0527pt too wide) in paragraph at lines 36--37
[][]\TU/Vazirmatn(0)/b/n/12 کاوش بازگشتی عامل‌ها ([]\TU/LiberationSerif(0)/b/n/
12 Agentic Graph Construction[]\TU/Vazirmatn(0)/b/n/12 ): \TU/Vazirmatn(0)/m/n/
12 فرآیند با گره‌های هسته در حوزه‌های[]
 []

[39]
Overfull \hbox (1.68552pt too wide) in paragraph at lines 47--48
[][]\TU/Vazirmatn(0)/b/n/12 دستیار شخصی در محیط‌های پایدار ([]\TU/LiberationSer
if(0)/b/n/12 Personal Assistant Workflows[]\TU/Vazirmatn(0)/b/n/12 ): \TU/Vazir
matn(0)/m/n/12 با پیاده‌سازی ماک‌های[]
 []

[40]
Overfull \hbox (7.02927pt too wide) in paragraph at lines 145--146
[][]\TU/Vazirmatn(0)/b/n/12 بهینه‌سازی بلادرنگ کرنل‌های سخت‌افزاری: \TU/Vazirma
tn(0)/m/n/12 مدل تاخیر اجرای کرنل []\TU/LiberationSerif(0)/m/n/12 AttnRes[] \TU
/Vazirmatn(0)/m/n/12 را از ۲۸۳.‏۶ میلی‌ثانیه[]
 []

) (./models/Training/Data/Post-Training/magistral.tex [41]
Overfull \hbox (0.38278pt too wide) in paragraph at lines 6--7
[][]\TU/Vazirmatn(0)/b/n/12 مدل []\TU/LiberationSerif(0)/b/n/12 Magistral Mediu
m[]\TU/Vazirmatn(0)/b/n/12 : \TU/Vazirmatn(0)/m/n/12 مبتنی بر وزن‌های پایه []\T
U/LiberationSerif(0)/m/n/12 Mistral Medium 3[] \TU/Vazirmatn(0)/m/n/12 [[]] که 
فرایند پس‌آموزش[]
 []

[42]
Overfull \hbox (9.082pt too wide) in paragraph at lines 21--22
[]\TU/Vazirmatn(0)/m/n/12 اکثریت پاسخ‌های تولیدی مدل بر سر یک جواب به اجماع می‌
رسیدند اما با پاسخ برچسب‌گذاری‌شده[]
 []


Overfull \hbox (10.53122pt too wide) in paragraph at lines 49--50
[][]\TU/Vazirmatn(0)/b/n/12 تولید آزمون‌های سنتتیک ([]\TU/LiberationSerif(0)/b/
n/12 Synthetic Test Generation[]\TU/Vazirmatn(0)/b/n/12 ): \TU/Vazirmatn(0)/m/n
/12 برای مسائلی که پوشش تست محدودی[]
 []

[43]
Overfull \hbox (14.8689pt too wide) in paragraph at lines 76--77
[][]\TU/LiberationSerif(0)/m/n/12 OpenThoughts[] \TU/Vazirmatn(0)/m/n/12 و []\T
U/LiberationSerif(0)/m/n/12 OpenR1[]\TU/Vazirmatn(0)/m/n/12 ) تنظیم نظارتی گردی
د. سپس یادگیری تقویتی صرفاً روی دشوارترین زیرمجموعه[]
 []

[44]
Overfull \hbox (26.75626pt too wide) in paragraph at lines 132--133
[][] [][][]\TU/Vazirmatn(0)/b/n/12 ارزیابی آماری جامع پیکربندی‌های داده‌ای پس‌آ
موزش[][][] \TU/Vazirmatn(0)/m/n/12 جدول [][][][][][]۳۹[][][][][][] عملکرد نهایی
 مدل‌ها تحت استراتژی‌های[]
 []


Overfull \hbox (0.14038pt too wide) in paragraph at lines 132--133
[]\TU/Vazirmatn(0)/m/n/12 گوناگون داده‌های پس‌آموزش را مقایسه می‌کند. این نتایج
 اثبات می‌کنند که مدل []\TU/LiberationSerif(0)/b/n/12 Magistral Medium[][]
 []

) (./models/Training/Data/Post-Training/minimax_m2.tex
Overfull \hbox (16.00626pt too wide) in paragraph at lines 4--5
[][] [][][]\TU/Vazirmatn(0)/b/n/12 مقدمه و فلسفه بنیادین داده‌های پس‌آموزش عامل
ی[][][] \TU/Vazirmatn(0)/m/n/12 سری مدل‌های []\TU/LiberationSerif(0)/b/n/12 Min
iMax-M2[] \TU/Vazirmatn(0)/m/n/12 (شامل نسخه‌های[]
 []

[45]
Overfull \hbox (1.07462pt too wide) in paragraph at lines 6--7
[][]\TU/Vazirmatn(0)/m/n/12 اگرچه مدل پایه روی ۲۹.‏۲ تریلیون توکن پیش‌آموزش دید
ه است، قابلیت‌های پیشرفته آن در سناریوهای[]
 []


Overfull \hbox (14.88864pt too wide) in paragraph at lines 12--13
[][]\TU/Vazirmatn(0)/b/n/12 سنتز محیط‌های داکر چندزبانه توسط عامل ([]\TU/Libera
tionSerif(0)/b/n/12 Agent-Synthesized Docker[]\TU/Vazirmatn(0)/b/n/12 ): \TU/Va
zirmatn(0)/m/n/12 در زبان‌های کامپایلری[]
 []


Overfull \hbox (17.88278pt too wide) in paragraph at lines 13--14
[]\TU/Vazirmatn(0)/m/n/12 رفع باگ ([]\TU/LiberationSerif(0)/m/n/12 Bug Fix[]\TU
/Vazirmatn(0)/m/n/12 )، افزودن قابلیت ([]\TU/LiberationSerif(0)/m/n/12 Feature 
Add[]\TU/Vazirmatn(0)/m/n/12 )، بهینه‌سازی کارایی ([]\TU/LiberationSerif(0)/m/n
/12 Performance Optimization[]\TU/Vazirmatn(0)/m/n/12 )[]
 []


Overfull \hbox (3.87497pt too wide) in paragraph at lines 17--18
[][]\TU/LiberationSerif(0)/m/n/12 Injection[]\TU/Vazirmatn(0)/m/n/12 )، ادغام ک
امیت‌های مجاور جهت ساخت مسائل چندمرحله‌ای [[]]، وارونه‌سازی مسئله[]
 []

[46]
Overfull \hbox (0.75974pt too wide) in paragraph at lines 23--24
[]\TU/Vazirmatn(0)/m/n/12 ([]\TU/LiberationSerif(0)/m/n/12 Meta Queries[]\TU/Va
zirmatn(0)/m/n/12 ) شامل معماری‌ها و پشته‌های فناوری مدرن (نظیر []\TU/Liberatio
nSerif(0)/m/n/12 React + Zustand + Tailwind[]\TU/Vazirmatn(0)/m/n/12 )[]
 []


LaTeX Font Warning: Font shape `TU/Vazirmatn(0)/m/it' undefined
(Font)              using `TU/Vazirmatn(0)/m/n' instead on input line 27.


Overfull \hbox (11.2778pt too wide) in paragraph at lines 27--28
[][]\TU/Vazirmatn(0)/m/n/12 لایه اجرا ([]\TU/LiberationSerif(0)/m/it/12 Executi
on Layer[]\TU/Vazirmatn(0)/m/n/12 ): بررسی نصب پکیج‌ها، بیلد بدون خطا و نبود خط
اهای []\TU/LiberationSerif(0)/m/n/12 JavaScript[][]
 []


Overfull \hbox (21.72311pt too wide) in paragraph at lines 28--29
[][]\TU/Vazirmatn(0)/m/it/12 لایه تعامل ([]\TU/LiberationSerif(0)/m/it/12 Inter
action Layer[]\TU/Vazirmatn(0)/m/it/12 ): راستی‌آزمایی کارکرد دکمه‌ها، ارسال فر
م‌ها و اجرای موفقیت‌آمیز[]
 []


Overfull \hbox (0.37344pt too wide) in paragraph at lines 34--35
[]\TU/Vazirmatn(0)/m/it/12 پایگاه داده استک‌اورفلو پالایش شده و پست‌های اسکریپت
‌پذیر، تاییدپذیر و سازگار با لینوکس استخراج[]
 []


Overfull \hbox (4.46915pt too wide) in paragraph at lines 37--38
[][] [][][]\TU/Vazirmatn(0)/b/n/12 خط لوله‌های داده‌های همکاری عاملی ([]\TU/Lib
erationSerif(0)/b/n/12 Agentic Cowork[]\TU/Vazirmatn(0)/b/n/12 )[][][] \TU/Vazi
rmatn(0)/m/it/12 این بخش شامل چهار حوزه با محیط‌های[]
 []


Overfull \hbox (0.11325pt too wide) in paragraph at lines 42--43
[][]\TU/Vazirmatn(0)/b/n/12 تولید و ویرایش اسلاید ([]\TU/LiberationSerif(0)/b/n
/12 Slide Generation[]\TU/Vazirmatn(0)/b/n/12 ): \TU/Vazirmatn(0)/m/it/12 شامل 
طراحی افزایشی اسلایدها در سطوح عنصری[]
 []

[47]
Overfull \hbox (3.07462pt too wide) in paragraph at lines 75--76
[][] [][][]\TU/Vazirmatn(0)/b/n/12 خودتکاملی داده‌ای و اسکلت‌بندی ([]\TU/Libera
tionSerif(0)/b/n/12 Self-Evolution[]\TU/Vazirmatn(0)/b/n/12 )[][][] \TU/Vazirma
tn(0)/m/it/12 در مدل []\TU/LiberationSerif(0)/b/n/12 MiniMax-M2.7[]\TU/Vazirmat
n(0)/m/it/12 ، چرخه تولید و تحلیل[]
 []

[48]) (./models/Training/Data/Post-Training/mobilellm_pro.tex [49]
Overfull \hbox (28.07071pt too wide) in paragraph at lines 4--5
[]\TU/Vazirmatn(0)/m/it/12 متون ([]\TU/LiberationSerif(0)/m/n/12 Rewriting[]\TU
/Vazirmatn(0)/m/it/12 )، پاسخ به پرسش‌های منطقی، بازیابی درون‌متنی و فراخوانی ت
وابع و ابزارها ([]\TU/LiberationSerif(0)/m/n/12 Tool/Function[][]
 []


Overfull \hbox (14.00821pt too wide) in paragraph at lines 13--14
[][] [][][]\TU/Vazirmatn(0)/b/n/12 مرحله اول: تنظیم دستوری مبتنی بر تنوع حداکثر
ی ([]\TU/LiberationSerif(0)/b/n/12 Diversity-First IFT[]\TU/Vazirmatn(0)/b/n/12
 )[][][] \TU/Vazirmatn(0)/m/it/12 در گام نخست، ارزیابی‌های[]
 []


Overfull \hbox (6.3129pt too wide) in paragraph at lines 15--16
[][]\TU/Vazirmatn(0)/m/it/12 مجموع نمونه‌های گردآوری‌شده در این مرحله بالغ بر \
TU/Vazirmatn(0)/b/n/12 ۷.‏۶۴ میلیون نمونه \TU/Vazirmatn(0)/m/it/12 ($\OT1/cmr/m
/n/12 7\OML/cmm/m/it/12 :\OT1/cmr/m/n/12 64[]$\TU/Vazirmatn(0)/m/it/12 ) از هفت
 مجموعه‌داده[]
 []

[50]
Overfull \hbox (20.44528pt too wide) in paragraph at lines 59--60
[][]\TU/Vazirmatn(0)/b/n/12 تنظیم نظارت‌شده سنتزی ([]\TU/LiberationSerif(0)/b/n
/12 Synthetic SFT[]\TU/Vazirmatn(0)/b/n/12 ): \TU/Vazirmatn(0)/m/it/12 برای الق
ای چارچوب پاسخ‌دهی ایمن و رد درخواست‌های[]
 []


Overfull \hbox (17.52234pt too wide) in paragraph at lines 60--61
[][]\TU/Vazirmatn(0)/b/n/12 بهینه‌سازی مستقیم ترجیحات ([]\TU/LiberationSerif(0)
/b/n/12 DPO[]\TU/Vazirmatn(0)/b/n/12 ): \TU/Vazirmatn(0)/m/it/12 بهره‌گیری از ا
لگوریتم []\TU/LiberationSerif(0)/m/n/12 DPO[] \TU/Vazirmatn(0)/m/it/12 [[]] با 
استفاده از جفت‌داده‌های[]
 []

) (./models/Training/Data/Post-Training/nemotron_3.tex
Overfull \hbox (3.6625pt too wide) in paragraph at lines 4--5
[][] [][][]\TU/Vazirmatn(0)/b/n/12 مقدمه و پارادایم داده‌های پس‌آموزش ([]\TU/Li
berationSerif(0)/b/n/12 Post-Training Paradigm[]\TU/Vazirmatn(0)/b/n/12 )[][][]
 \TU/Vazirmatn(0)/m/it/12 فاز پس‌آموزش ([]\TU/LiberationSerif(0)/m/n/12 Post-tr
aining[]\TU/Vazirmatn(0)/m/it/12 )[]
 []

[51]
Overfull \hbox (1.4609pt too wide) in paragraph at lines 8--9
[][]\TU/Vazirmatn(0)/m/it/12 مدیریت بلادرنگ و دانه‌بندی‌شده بودجه استدلال در زم
ان استنتاج ([]\TU/LiberationSerif(0)/m/n/12 Reasoning Budget Control[]\TU/Vazir
matn(0)/m/it/12 ). []
 []


Overfull \hbox (14.55019pt too wide) in paragraph at lines 13--14
[][] [][][]\TU/Vazirmatn(0)/b/n/12 داده‌های سنتزی و بافت فوق‌طولانی در تنظیم دق
یق ([]\TU/LiberationSerif(0)/b/n/12 Long-Context SFT Data[]\TU/Vazirmatn(0)/b/n
/12 )[][][] \TU/Vazirmatn(0)/m/it/12 به منظور آماده‌سازی[]
 []


Overfull \hbox (1.19724pt too wide) in paragraph at lines 17--18
[][]\TU/Vazirmatn(0)/b/n/12 تولید داده‌های سنتزی هدفمند ([]\TU/LiberationSerif(
0)/b/n/12 Synthetic Data Generation[]\TU/Vazirmatn(0)/b/n/12 ): \TU/Vazirmatn(0
)/m/it/12 پیکره داده‌ها در مراحل آموزش[]
 []

[52]
Overfull \hbox (12.91403pt too wide) in paragraph at lines 31--32
[][]\TU/Vazirmatn(0)/b/n/12 پیروی دقیق از دستورالعمل‌ها ([]\TU/LiberationSerif(
0)/b/n/12 IFBench[]\TU/Vazirmatn(0)/b/n/12 ): \TU/Vazirmatn(0)/m/it/12 دستورات 
دارای قیود منفی و چارچوب‌های سخت‌گیرانه[]
 []


Overfull \hbox (1.14828pt too wide) in paragraph at lines 34--35
[][]\TU/Vazirmatn(0)/b/n/12 محیط بافت طولانی در []\TU/LiberationSerif(0)/b/n/12
 RL[]\TU/Vazirmatn(0)/b/n/12 : \TU/Vazirmatn(0)/m/it/12 تزریق ورودی‌های تعاملی 
تا سقف $\OT1/cmr/m/n/12 32[]$ \TU/Vazirmatn(0)/m/it/12 توکن در حین تولید نمونه‌
های[]
 []


Overfull \hbox (18.48477pt too wide) in paragraph at lines 60--61
[][] [][][]\TU/Vazirmatn(0)/b/n/12 مهندسی داده در کنترل دانه‌بندی‌شده بودجه تفک
ر ([]\TU/LiberationSerif(0)/b/n/12 Reasoning Budget Control[]\TU/Vazirmatn(0)/b
/n/12 )[][][] \TU/Vazirmatn(0)/m/it/12 در خلال پس‌آموزش،[]
 []

[53]
Overfull \hbox (21.72696pt too wide) in paragraph at lines 74--75
[][] [][][]\TU/Vazirmatn(0)/b/n/12 ارزیابی‌های تجربی مدل پس‌آموزش‌دیده ([]\TU/L
iberationSerif(0)/b/n/12 Post-Trained Evaluations[]\TU/Vazirmatn(0)/b/n/12 )[][
][] \TU/Vazirmatn(0)/m/it/12 عملکرد مدل نهایی []\TU/LiberationSerif(0)/b/n/12 N
emotron-[][]
 []


Overfull \hbox (20.89734pt too wide) in paragraph at lines 129--130
[][]\TU/Vazirmatn(0)/b/n/12 کتابخانه []\TU/LiberationSerif(0)/b/n/12 NeMo-RL[]\
TU/Vazirmatn(0)/b/n/12 : \TU/Vazirmatn(0)/m/it/12 زیرساخت توزیع‌شده و بهینه برا
ی اجرای آموزش هم‌زمان []\TU/LiberationSerif(0)/m/n/12 GRPO[] \TU/Vazirmatn(0)/m
/it/12 در مقیاس‌های[]
 []

) (./models/Training/Data/Post-Training/qwen_3.tex [54]
Overfull \hbox (14.41756pt too wide) detected at line 39
[][][][][]
 []

[55]
Overfull \hbox (0.8841pt too wide) in paragraph at lines 39--41
[]\TU/Vazirmatn(0)/m/it/12 بازدهی نمونه‌ها را ارتقا داد؛ به‌طوری‌که نمره مدل پر
چمدار []\TU/LiberationSerif(0)/b/n/12 Qwen3-235B-A22B[] \TU/Vazirmatn(0)/m/it/1
2 در بنچمارک []\TU/LiberationSerif(0)/m/n/12 AIME’24[][]
 []


Overfull \hbox (6.38474pt too wide) in paragraph at lines 46--47
[]\TU/Vazirmatn(0)/m/it/12 پیروی از دستورات، نگارش خلاقانه، پرسش و پاسخ و ایفای
 نقش که کیفیت آن‌ها با چک‌لیست‌های[]
 []

[56]
Overfull \hbox (1.27731pt too wide) in paragraph at lines 106--107
[][]\TU/Vazirmatn(0)/b/n/12 تقطیر برون‌پالیسی ([]\TU/LiberationSerif(0)/b/n/12 
Off-policy Distillation[]\TU/Vazirmatn(0)/b/n/12 ): \TU/Vazirmatn(0)/m/it/12 تل
فیق خروجی‌های معلمان حاوی هر دو برچسب[]
 []

) (./models/Training/Data/Post-Training/olmo_3.tex [57] [58]
Overfull \hbox (23.20895pt too wide) in paragraph at lines 22--23
[][]\TU/Vazirmatn(0)/b/n/12 ریاضیات ([]\TU/LiberationSerif(0)/b/n/12 Mathematic
s[]\TU/Vazirmatn(0)/b/n/12 ): \TU/Vazirmatn(0)/m/it/12 پرامپت‌ها از []\TU/Liber
ationSerif(0)/m/n/12 OpenThoughts3[] \TU/Vazirmatn(0)/m/it/12 و دادگان راستی‌آز
مایی‌شده []\TU/LiberationSerif(0)/m/n/12 SYNTHETIC-[][]
 []


Overfull \hbox (1.28946pt too wide) in paragraph at lines 92--93
[][] [][][]\TU/Vazirmatn(0)/b/n/12 خط لوله پالایش چندمرحله‌ای و آلودگی‌زدایی ([
]\TU/LiberationSerif(0)/b/n/12 Filtering & Decontamination[]\TU/Vazirmatn(0)/b/
n/12 )[][][] \TU/Vazirmatn(0)/m/it/12 جهت حذف نویزها[]
 []

[59] [60]
Overfull \hbox (4.73183pt too wide) in paragraph at lines 143--144
[][] [][][]\TU/Vazirmatn(0)/b/n/12 یادگیری تقویتی با پاداش‌های قابل‌راستی‌آزمای
ی ([]\TU/LiberationSerif(0)/b/n/12 RLVR & OlmoRL[]\TU/Vazirmatn(0)/b/n/12 )[][]
[] \TU/Vazirmatn(0)/m/it/12 فاز نهایی آموزش با زیرساخت[]
 []


Overfull \hbox (1.60391pt too wide) in paragraph at lines 143--144
[]\TU/Vazirmatn(0)/m/it/12 شده، مزیت بدون نرمال‌سازی انحراف معیار محاسبه گردیده
 و از تصحیح نمونه‌برداری اهمیت کوتاه‌شده[]
 []

[61]
Overfull \hbox (0.5668pt too wide) in paragraph at lines 189--190
[][] [][][]\TU/Vazirmatn(0)/b/n/12 مسیر یادگیری تقویتی مستقیم از مدل پایه ([]\T
U/LiberationSerif(0)/b/n/12 Dolci RL-Zero[]\TU/Vazirmatn(0)/b/n/12 )[][][] \TU/
Vazirmatn(0)/m/it/12 در مسیر []\TU/LiberationSerif(0)/m/n/12 OLMo 3 RL-Zero[]\T
U/Vazirmatn(0)/m/it/12 ، یادگیری[]
 []

) (./models/Training/Method/Pre-Training/deepseek_v4.tex [62]
Overfull \hbox (7.40842pt too wide) in paragraph at lines 4--5
[]\TU/Vazirmatn(0)/m/it/12 مدرن، بر بهینه‌سازی توزیع احتمالاتی روی دنباله‌ای از
 متغیرهای تصادفی گسسته $\OML/cmm/m/it/12 X \OT1/cmr/m/n/12 = (\OML/cmm/m/it/12 
x[]; x[]; [] ; x[]\OT1/cmr/m/n/12 )$[]
 []


Overfull \hbox (17.0668pt too wide) in paragraph at lines 7--9
[]\TU/Vazirmatn(0)/m/it/12 کولبک-لایبلر معادل با کمینه‌سازی آنتروپی متقاطع و حد
اکثرسازی لگاریتم درست‌نمایی ([]\TU/LiberationSerif(0)/m/n/12 Log-Likelihood[]\T
U/Vazirmatn(0)/m/it/12 )[]
 []


Overfull \hbox (6.29272pt too wide) in paragraph at lines 7--9
[]\TU/Vazirmatn(0)/m/it/12 خواهد بود. با اعمال قاعده زنجیره‌ای احتمال بر روی دن
باله‌های زبانی خودرگرسیو، تابع هدف پیش‌آموزش[]
 []

[63]) (./models/Training/Method/Pre-Training/glm_5.tex [64])
(./models/Training/Method/Pre-Training/kimi_k3.tex [65]
Overfull \hbox (2.04337pt too wide) in paragraph at lines 26--27
[][] [][][]\TU/Vazirmatn(0)/b/n/12 پسماندهای توجه در عمق شبکه ([]\TU/Liberation
Serif(0)/b/n/12 Block Attention Residuals - AttnRes[]\TU/Vazirmatn(0)/b/n/12 )[
][][] \TU/Vazirmatn(0)/m/it/12 به جای اتصالات پسماند[]
 []

) (./models/Training/Method/Pre-Training/magistral.tex [66]
Overfull \hbox (14.73769pt too wide) in paragraph at lines 7--8
[][] [][][]\TU/Vazirmatn(0)/b/n/12 تحلیل مؤلفه‌های اصلی ([]\TU/LiberationSerif(
0)/b/n/12 PCA[]\TU/Vazirmatn(0)/b/n/12 ) در زیرفضای وزن‌های پیش‌آموزش[][][] \TU
/Vazirmatn(0)/m/it/12 برای درک چگونگی رفتار بازنمایی‌های[]
 []

) (./models/Training/Method/Pre-Training/minimax_m2.tex [67])
(./models/Training/Method/Pre-Training/mobilellm_pro.tex [68])
(./models/Training/Method/Pre-Training/nemotron_3.tex [69]
Overfull \hbox (5.98087pt too wide) in paragraph at lines 55--56
[][] [][][]\TU/Vazirmatn(0)/b/n/12 پیش‌آموزش بومی با فرمت []\TU/LiberationSerif
(0)/b/n/12 NVFP4[][][][] \TU/Vazirmatn(0)/m/it/12 پیش‌آموزش روی ۲۵ تریلیون توکن
 با بهره‌گیری بومی از محاسبات[]
 []

) (./models/Training/Method/Pre-Training/qwen_3.tex
Overfull \hbox (8.6pt too wide) in paragraph at lines 4--5
[][] [][][]\TU/Vazirmatn(0)/b/n/12 ساختار معماری متراکم و []\TU/LiberationSerif
(0)/b/n/12 MoE[][][][] \TU/Vazirmatn(0)/m/it/12 خانواده مدل‌های []\TU/Liberatio
nSerif(0)/b/n/12 Qwen3[] \TU/Vazirmatn(0)/m/it/12 [[]] در دو دسته متراکم (شامل 
نسخه‌های[]
 []

[70] [71]) (./models/Training/Method/Pre-Training/olmo_3.tex
Overfull \hbox (0.53122pt too wide) in paragraph at lines 11--12
[]\TU/Vazirmatn(0)/m/it/12 بر اساس فشرده‌پذیری []\TU/LiberationSerif(0)/m/n/12 
gzip[] \TU/Vazirmatn(0)/m/it/12 (حذف ۲۰٪ داده‌های بسیار فشرده‌پذیر و ۲۰٪ داده‌ه
ای کم‌فشرده‌پذیر[]
 []

[72]) (./models/Training/Method/Post-Training/deepseek_v4.tex
Overfull \hbox (3.10587pt too wide) in paragraph at lines 4--5
[][] [][][]\TU/Vazirmatn(0)/b/n/12 مقدمه و پارادایم نوین پس‌آموزش ([]\TU/Libera
tionSerif(0)/b/n/12 Post-Training Paradigm[]\TU/Vazirmatn(0)/b/n/12 )[][][] \TU
/Vazirmatn(0)/m/it/12 مرحله پس‌آموزش ([]\TU/LiberationSerif(0)/m/n/12 Post-Trai
ning[]\TU/Vazirmatn(0)/m/it/12 )[]
 []

[73]
Overfull \hbox (11.81094pt too wide) in paragraph at lines 119--120
[][] [][][]\TU/Vazirmatn(0)/b/n/12 فاز اول: پرورش مستقل مدل‌های متخصص ([]\TU/Li
berationSerif(0)/b/n/12 Specialist Training[]\TU/Vazirmatn(0)/b/n/12 )[][][] \T
U/Vazirmatn(0)/m/it/12 در این فاز، چندین مدل متخصص[]
 []


Overfull \hbox (15.5963pt too wide) detected at line 133
[][][][][]
 []

[74]
Overfull \hbox (15.83632pt too wide) in paragraph at lines 164--165
 [][][][][][][] 
 []


Overfull \hbox (19.36954pt too wide) in paragraph at lines 168--169
[][] [][][]\TU/Vazirmatn(0)/b/n/12 مدل پاداش زایشی ([]\TU/LiberationSerif(0)/b/
n/12 Generative Reward Model - GRM[]\TU/Vazirmatn(0)/b/n/12 )[][][] \TU/Vazirma
tn(0)/m/it/12 در وظایف پیچیده که بازبین‌های قاعده‌محور[]
 []


Overfull \hbox (13.42422pt too wide) in paragraph at lines 175--176
[][] [][][]\TU/Vazirmatn(0)/b/n/12 اسکیمای فراخوانی ابزار و تفکر درهم‌تنیده ([]
\TU/LiberationSerif(0)/b/n/12 Interleaved Thinking[]\TU/Vazirmatn(0)/b/n/12 )[]
[][] \TU/Vazirmatn(0)/m/it/12 به منظور برقراری تعامل استاندارد[]
 []


Overfull \hbox (18.04996pt too wide) in paragraph at lines 188--189
 [][][][][][][] 
 []

[75]
Overfull \hbox (7.07753pt too wide) in paragraph at lines 223--224
[][] [][][]\TU/Vazirmatn(0)/b/n/12 تحلیل تئوری اطلاعات و برتری واگرایی []\TU/Li
berationSerif(0)/b/n/12 KL[] \TU/Vazirmatn(0)/b/n/12 معکوس[][][] \TU/Vazirmatn(
0)/m/it/12 در تئوری اطلاعات، واگرایی کولبک-لایبلر مستقیم[]
 []

[76]
Overfull \hbox (32.48756pt too wide) detected at line 243
[][][][] \OML/cmm/m/it/12 ^^Y[]\OT1/cmr/m/n/12 (\OML/cmm/m/it/12 y \OMS/cmsy/m/
n/12 j \OML/cmm/m/it/12 x\OT1/cmr/m/n/12 )\OMS/cmsy/m/n/12 r[] [] \OML/cmm/m/it
/12 ^^Y[]\OT1/cmr/m/n/12 (\OML/cmm/m/it/12 y \OMS/cmsy/m/n/12 j \OML/cmm/m/it/1
2 x\OT1/cmr/m/n/12 ) = [] \OML/cmm/m/it/12 ^^Y[]\OT1/cmr/m/n/12 (\OML/cmm/m/it/
12 y \OMS/cmsy/m/n/12 j \OML/cmm/m/it/12 x\OT1/cmr/m/n/12 )[] = [] \OMS/cmsy/m/
n/12 r[]\OML/cmm/m/it/12 ^^Y[]\OT1/cmr/m/n/12 (\OML/cmm/m/it/12 y \OMS/cmsy/m/n
/12 j \OML/cmm/m/it/12 x\OT1/cmr/m/n/12 ) = \OMS/cmsy/m/n/12 r[] []
 []


Overfull \hbox (7.89102pt too wide) in paragraph at lines 266--267
[][]\TU/Vazirmatn(0)/b/n/12 راهکار []\TU/LiberationSerif(0)/b/n/12 DeepSeek-V4[
]\TU/Vazirmatn(0)/b/n/12 : \TU/Vazirmatn(0)/m/it/12 با پیاده‌سازی تقطیر دقیق رو
ی کل واژگان ([]\TU/LiberationSerif(0)/m/n/12 Full-Vocabulary Logit Distillation
[]\TU/Vazirmatn(0)/m/it/12 )،[]
 []


Overfull \hbox (4.68985pt too wide) in paragraph at lines 269--271
[]\TU/Vazirmatn(0)/m/it/12 از آنجا که این گرادیان به‌صورت دقیق روی تمامی مولفه‌
های واژگان ارزیابی می‌شود، واریانس نمونه‌برداری[]
 []


Overfull \hbox (1.53552pt too wide) in paragraph at lines 273--274
[][] [][][]\TU/Vazirmatn(0)/b/n/12 زیرساخت‌های مقیاس‌پذیر []\TU/LiberationSerif
(0)/b/n/12 RL[] \TU/Vazirmatn(0)/b/n/12 و []\TU/LiberationSerif(0)/b/n/12 OPD[]
 \TU/Vazirmatn(0)/b/n/12 ([]\TU/LiberationSerif(0)/b/n/12 System Infrastructure
s[]\TU/Vazirmatn(0)/b/n/12 )[][][] \TU/Vazirmatn(0)/m/it/12 بهینه‌سازی و اجرای 
این خط‌لوله[]
 []

[77]
Overfull \hbox (16.12302pt too wide) in paragraph at lines 275--276
[][]\TU/Vazirmatn(0)/b/n/12 یکپارچه‌سازی کوانتایزاسیون []\TU/LiberationSerif(0)
/b/n/12 FP4 QAT[]\TU/Vazirmatn(0)/b/n/12 : \TU/Vazirmatn(0)/m/it/12 کوانتایزاسی
ون آگاه از آموزش [[]] با قالب میکرواسکیلینگ[]
 []


Overfull \hbox (4.18356pt too wide) in paragraph at lines 283--284
[][]\TU/Vazirmatn(0)/b/n/12 پلتفرم جعبه‌شنی []\TU/LiberationSerif(0)/b/n/12 DSe
c[] \TU/Vazirmatn(0)/b/n/12 برای کارهای عاملی: \TU/Vazirmatn(0)/m/it/12 پلتفرم 
صنعتی []\TU/LiberationSerif(0)/m/n/12 DeepSeek Elastic Compute (DSec)[][]
 []


Overfull \hbox (22.4902pt too wide) in paragraph at lines 283--284
[]\TU/Vazirmatn(0)/m/it/12 یکپارچه ارائه می‌دهد: فراخوانی سبک تابع ([]\TU/Liber
ationSerif(0)/m/n/12 Function Call[]\TU/Vazirmatn(0)/m/it/12 )، کانتینر ایزوله 
([]\TU/LiberationSerif(0)/m/n/12 Container[]\TU/Vazirmatn(0)/m/it/12 ) با فایل‌
سیستم[]
 []

) (./models/Training/Method/Post-Training/glm_5.tex [78] [79]
Overfull \hbox (7.18594pt too wide) in paragraph at lines 156--157
[][] [][][]\TU/Vazirmatn(0)/b/n/12 اشتقاق ریاضیاتی عدم تطابق آموزش-استنتاج ([]\
TU/LiberationSerif(0)/b/n/12 Training-Inference Discrepancy[]\TU/Vazirmatn(0)/b
/n/12 ):[][][] \TU/Vazirmatn(0)/m/it/12 در سامانه‌های[]
 []


Overfull \hbox (6.12747pt too wide) detected at line 173
[][][][][]
 []

[80]
Overfull \hbox (3.33029pt too wide) in paragraph at lines 181--182
[]\TU/Vazirmatn(0)/m/it/12 ([]\TU/LiberationSerif(0)/m/n/12 Non-deterministic[]
\TU/Vazirmatn(0)/m/it/12 ) عملگر []\TU/LiberationSerif(0)/m/n/12 Top-K[] \TU/Va
zirmatn(0)/m/it/12 مبتنی بر کرنل‌های متداول، حین اجرای []\TU/LiberationSerif(0)
/m/n/12 RL[] \TU/Vazirmatn(0)/m/it/12 پس از گام‌های معدودی[]
 []

[81]
Overfull \hbox (17.28555pt too wide) in paragraph at lines 212--213
[][] [][][]\TU/Vazirmatn(0)/b/n/12 مقیاس‌پذیری محیط‌های اعتبارسنجی عاملی ([]\TU
/LiberationSerif(0)/b/n/12 Environment Scaling[]\TU/Vazirmatn(0)/b/n/12 )[][][]
 \TU/Vazirmatn(0)/m/it/12 یادگیری عاملی بدون محیط‌های[]
 []


Overfull \hbox (13.18356pt too wide) in paragraph at lines 214--215
[][]\TU/Vazirmatn(0)/b/n/12 محیط‌های مهندسی نرم‌افزار ([]\TU/LiberationSerif(0)
/b/n/12 RepoLaunch SWE[]\TU/Vazirmatn(0)/b/n/12 ): \TU/Vazirmatn(0)/m/it/12 بیش
 از ۱۰،۰۰۰ محیط اجرایی اعتبارسنجی‌شده[]
 []


Overfull \hbox (22.69138pt too wide) in paragraph at lines 228--229
[][]\TU/Vazirmatn(0)/b/n/12 لنگرهای سبک‌شناختی انسانی ([]\TU/LiberationSerif(0)
/b/n/12 Human Style Anchors[]\TU/Vazirmatn(0)/b/n/12 ): \TU/Vazirmatn(0)/m/it/1
2 تزریق متون تألیف‌شده توسط متخصصان[]
 []


Overfull \hbox (4.31094pt too wide) in paragraph at lines 239--240
[][] [][][]\TU/Vazirmatn(0)/b/n/12 زیرساخت مقیاس‌پذیر پس‌آموزش: چارچوب []\TU/Li
berationSerif(0)/b/n/12 slime[][][][] \TU/Vazirmatn(0)/m/it/12 تمام فرآیندهای ی
ادگیری تقویتی بر بستر چارچوب[]
 []

[82]
Overfull \hbox (36.30952pt too wide) in paragraph at lines 241--242
[][]\TU/Vazirmatn(0)/b/n/12 تفکیک کامل پیش‌محاسبه و رمزگشایی ([]\TU/LiberationS
erif(0)/b/n/12 PD Disaggregation[]\TU/Vazirmatn(0)/b/n/12 ): \TU/Vazirmatn(0)/m
/it/12 جداسازی منابع پردازشی کانتکست‌های[]
 []


Overfull \hbox (18.57419pt too wide) in paragraph at lines 242--243
[][]\TU/Vazirmatn(0)/b/n/12 شتاب‌بخشی تأخیر دنباله با []\TU/LiberationSerif(0)/
b/n/12 FP8[] \TU/Vazirmatn(0)/b/n/12 و []\TU/LiberationSerif(0)/b/n/12 MTP[]\TU
/Vazirmatn(0)/b/n/12 : \TU/Vazirmatn(0)/m/it/12 کاهش زمان استنتاج خط سیرهای طول
انی با کوانتیزاسیون[]
 []

) (./models/Training/Method/Post-Training/kimi_k3.tex
Overfull \hbox (3.10587pt too wide) in paragraph at lines 4--5
[][] [][][]\TU/Vazirmatn(0)/b/n/12 مقدمه و پارادایم نوین پس‌آموزش ([]\TU/Libera
tionSerif(0)/b/n/12 Post-Training Paradigm[]\TU/Vazirmatn(0)/b/n/12 )[][][] \TU
/Vazirmatn(0)/m/it/12 مرحله پس‌آموزش ([]\TU/LiberationSerif(0)/m/n/12 Post-Trai
ning[]\TU/Vazirmatn(0)/m/it/12 )[]
 []


Overfull \hbox (0.74702pt too wide) in paragraph at lines 6--7
[][]\TU/Vazirmatn(0)/b/n/12 پیش‌تنظیم نظارت‌شده ([]\TU/LiberationSerif(0)/b/n/1
2 SFT[]\TU/Vazirmatn(0)/b/n/12 ) و ایجاد خط‌مشی آغازین ([]\TU/LiberationSerif(0
)/b/n/12 Cold-Start[]\TU/Vazirmatn(0)/b/n/12 ): \TU/Vazirmatn(0)/m/it/12 پایه‌گ
ذاری توانمندی‌های[]
 []


Overfull \hbox (6.0535pt too wide) in paragraph at lines 7--8
[][]\TU/Vazirmatn(0)/b/n/12 یادگیری تقویتی چنددامنه‌ای و چندسطحی ([]\TU/Liberat
ionSerif(0)/b/n/12 Multi-Domain, Multi-Effort RL[]\TU/Vazirmatn(0)/b/n/12 ): \T
U/Vazirmatn(0)/m/it/12 تربیت مستقل[]
 []

[83]
Overfull \hbox (8.97458pt too wide) in paragraph at lines 146--147
[][]\TU/Vazirmatn(0)/b/n/12 عامل‌های کدنویسی ([]\TU/LiberationSerif(0)/b/n/12 C
oding Agents[]\TU/Vazirmatn(0)/b/n/12 ): \TU/Vazirmatn(0)/m/it/12 مهندسی سیستم‌
های بزرگ‌مقیاس ([]\TU/LiberationSerif(0)/m/n/12 SWE[]\TU/Vazirmatn(0)/m/it/12 )
، برنامه‌نویسی[]
 []

[84]
Overfull \hbox (4.51016pt too wide) in paragraph at lines 155--157
[][] [][][]\TU/Vazirmatn(0)/b/n/12 الگوریتم رول‌اوت جزئی ([]\TU/LiberationSerif
(0)/b/n/12 Partial Rollout[]\TU/Vazirmatn(0)/b/n/12 ) و مهار داده‌های آف‌پالیسی
[][][] \TU/Vazirmatn(0)/m/it/12 در تعاملات عاملی با بافت‌های[]
 []

[85]
Overfull \hbox (2.47067pt too wide) in paragraph at lines 191--192
[][]\TU/Vazirmatn(0)/b/n/12 وظایف اجرای خودمختار ([]\TU/LiberationSerif(0)/b/n/
12 Autonomous Execution Tasks - AET[]\TU/Vazirmatn(0)/b/n/12 ): \TU/Vazirmatn(0
)/m/it/12 عامل در محیط‌های پیچیده[]
 []


Overfull \hbox (21.90665pt too wide) in paragraph at lines 196--197
[][] [][][]\TU/Vazirmatn(0)/b/n/12 تقطیر برخط چنداستاده ([]\TU/LiberationSerif(
0)/b/n/12 Multi-Teacher On-Policy Distillation - MOPD[]\TU/Vazirmatn(0)/b/n/12 
)[][][] \TU/Vazirmatn(0)/m/it/12 برای تجمیع توانمندی‌های[]
 []

[86]
Overfull \hbox (5.89581pt too wide) in paragraph at lines 228--229
[]\TU/Vazirmatn(0)/m/it/12 فرمت []\TU/LiberationSerif(0)/m/n/12 MXFP8[] \TU/Vaz
irmatn(0)/m/it/12 پردازش می‌شوند. لایه‌های حساس غیرکارشناس (طرح‌ریزی‌های توجه، 
کارشناسان[]
 []


Overfull \hbox (12.72224pt too wide) in paragraph at lines 233--234
[][] [][][]\TU/Vazirmatn(0)/b/n/12 اتصال لایه‌های پس‌ماند توجه ([]\TU/Liberatio
nSerif(0)/b/n/12 AttnRes[]\TU/Vazirmatn(0)/b/n/12 ) و طرح‌ریزی $\OML/cmm/m/it/1
2 W[]$[][][] \TU/Vazirmatn(0)/m/it/12 ورودی لایه پیش‌نویس ترکیبی از ویژگی‌های[]

 []

[87]
Overfull \hbox (1.0375pt too wide) in paragraph at lines 255--257
[]\TU/Vazirmatn(0)/m/it/12 رویکردهای مرسوم که واگرایی کولبک-لایبلر یا خطای آنتر
وپی متقاطع را بهینه‌سازی می‌کنند، همپوشانی[]
 []


Overfull \hbox (29.86758pt too wide) in paragraph at lines 282--283
[][] [][][]\TU/Vazirmatn(0)/b/n/12 نوآوری‌های زیرساختی پس‌آموزش در بافت ۱ میلیو
ن توکن ([]\TU/LiberationSerif(0)/b/n/12 System Infrastructures[]\TU/Vazirmatn(0
)/b/n/12 )[][][] \TU/Vazirmatn(0)/m/it/12 اجرای الگوریتم‌های[]
 []


Overfull \hbox (15.82312pt too wide) in paragraph at lines 284--285
[]\TU/Vazirmatn(0)/m/it/12 ([]\TU/LiberationSerif(0)/m/n/12 Write-Back[]\TU/Vaz
irmatn(0)/m/it/12 ) برای پیشوندهای حافظه؛ بلوک‌های فعال در حافظه []\TU/Liberati
onSerif(0)/m/n/12 VRAM[] \TU/Vazirmatn(0)/m/it/12 باقی مانده و پیشوندهای[]
 []

[88]) (./models/Training/Method/Post-Training/magistral.tex
Overfull \hbox (2.47493pt too wide) in paragraph at lines 120--120
 [][][][] 
 []

[89] [90] [91]
Overfull \hbox (15.83632pt too wide) in paragraph at lines 222--223
 [][][][][][][] 
 []

[92]) (./models/Training/Method/Post-Training/minimax_m2.tex
Overfull \hbox (3.25583pt too wide) in paragraph at lines 8--9
[][]\TU/Vazirmatn(0)/b/n/12 خط‌لوله‌های داده عاملی و محیط‌های اجرایی ([]\TU/Lib
erationSerif(0)/b/n/12 Agent-Driven Data Pipelines[]\TU/Vazirmatn(0)/b/n/12 ): 
\TU/Vazirmatn(0)/m/it/12 تولید داده‌های[]
 []


Overfull \hbox (5.87302pt too wide) in paragraph at lines 10--11
[][]\TU/Vazirmatn(0)/b/n/12 یادگیری تقویتی عامل‌محور با بهینه‌ساز []\TU/Liberat
ionSerif(0)/b/n/12 CISPO[]\TU/Vazirmatn(0)/b/n/12 : \TU/Vazirmatn(0)/m/it/12 فر
مولاسیون فرایند تصمیم‌گیری مارکوف ([]\TU/LiberationSerif(0)/m/n/12 MDP[]\TU/Vaz
irmatn(0)/m/it/12 )[]
 []

[93]
Overfull \hbox (3.44376pt too wide) in paragraph at lines 127--128
[][] [][][]\TU/Vazirmatn(0)/b/n/12 خط‌لوله‌های داده‌های پس‌آموزش عامل‌محور ([]\
TU/LiberationSerif(0)/b/n/12 Agent-Driven Data Pipelines[]\TU/Vazirmatn(0)/b/n/
12 )[][][] \TU/Vazirmatn(0)/m/it/12 برای تضمین پایایی[]
 []

[94]
Overfull \hbox (2.86716pt too wide) in paragraph at lines 130--131
[]\TU/Vazirmatn(0)/m/it/12 تفصیلی راهنمای سیستم حین آموزش تدریجاً حذف می‌شوند ت
ا مدل رفتار استاندارد را درونی‌سازی[]
 []


Overfull \hbox (4.71286pt too wide) in paragraph at lines 131--132
[][]\TU/Vazirmatn(0)/b/n/12 محیط خودکار خط فرمان ([]\TU/LiberationSerif(0)/b/n/
12 Terminal-Gym[]\TU/Vazirmatn(0)/b/n/12 ): \TU/Vazirmatn(0)/m/it/12 با پالایش 
و تبدیل داده‌های سایت []\TU/LiberationSerif(0)/m/n/12 Stack Overflow[][]
 []


Overfull \hbox (26.83438pt too wide) in paragraph at lines 137--138
[][] [][][]\TU/Vazirmatn(0)/b/n/12 تنظیم دقیق نظارت‌شده با تفکر درهم‌تنیده ([]\
TU/LiberationSerif(0)/b/n/12 Interleaved Thinking SFT[]\TU/Vazirmatn(0)/b/n/12 
)[][][] \TU/Vazirmatn(0)/m/it/12 در وظایف عاملی طولانی‌مدت،[]
 []

[95]
Overfull \hbox (14.54337pt too wide) in paragraph at lines 166--167
[][] [][][]\TU/Vazirmatn(0)/b/n/12 اشتقاق کامل ریاضی و تحلیل اطلاعاتی الگوریتم 
[]\TU/LiberationSerif(0)/b/n/12 CISPO[][][][] \TU/Vazirmatn(0)/m/it/12 برای بهی
نه‌سازی سیاست عامل در مقیاس‌های[]
 []


Overfull \hbox (7.17554pt too wide) in paragraph at lines 191--192
[][] [][][]\TU/Vazirmatn(0)/b/n/12 ۲. نمونه‌برداری بااهمیت ([]\TU/LiberationSer
if(0)/b/n/12 Importance Sampling[]\TU/Vazirmatn(0)/b/n/12 ) و تحلیل تئوری اطلاع
ات:[][][] \TU/Vazirmatn(0)/m/it/12 هنگام آموزش ناهمگام[]
 []

[96] [97]
Overfull \hbox (7.58144pt too wide) in paragraph at lines 240--241
[][] [][][]\TU/Vazirmatn(0)/b/n/12 زیرساخت مقیاس‌پذیر []\TU/LiberationSerif(0)/
b/n/12 Forge[] \TU/Vazirmatn(0)/b/n/12 و حل مثلث ناممکن ([]\TU/LiberationSerif(
0)/b/n/12 Forge RL Infrastructure[]\TU/Vazirmatn(0)/b/n/12 )[][][] \TU/Vazirmat
n(0)/m/it/12 آموزش سیستم‌های[]
 []


Overfull \hbox (36.29141pt too wide) in paragraph at lines 240--241
[]\TU/Vazirmatn(0)/m/it/12 عاملی با یک چالش سه‌گانه بنیادین ([]\TU/LiberationSe
rif(0)/m/n/12 Impossible Triangle[]\TU/Vazirmatn(0)/m/it/12 ) شامل \TU/Vazirmat
n(0)/b/n/12 بیشینه‌سازی توان عملیاتی ([]\TU/LiberationSerif(0)/b/n/12 Throughpu
t[]\TU/Vazirmatn(0)/b/n/12 )\TU/Vazirmatn(0)/m/it/12 ،[]
 []

[98]
Overfull \hbox (8.62149pt too wide) in paragraph at lines 281--282
[][] [][][]\TU/Vazirmatn(0)/b/n/12 سامانه خودتکاملی و داربست‌های بازگشتی ([]\TU
/LiberationSerif(0)/b/n/12 Self-Evolution & MLE-Bench[]\TU/Vazirmatn(0)/b/n/12 
)[][][] \TU/Vazirmatn(0)/m/it/12 در نسخه []\TU/LiberationSerif(0)/b/n/12 MiniMa
x-[][]
 []

[99]) (./models/Training/Method/Post-Training/mobilellm_pro.tex
Overfull \hbox (29.73608pt too wide) in paragraph at lines 4--5
[]\TU/Vazirmatn(0)/m/it/12 شده است. در مدل‌های کوچک‌مقیاس، مرحله پس‌آموزش ([]\T
U/LiberationSerif(0)/m/n/12 Post-Training[]\TU/Vazirmatn(0)/m/it/12 ) یا تنظیم 
دقیق دستورالعمل‌محور[]
 []


Overfull \hbox (2.19919pt too wide) in paragraph at lines 10--11
[][]\TU/Vazirmatn(0)/b/n/12 سازوکار پنجره زمینه طولانی ([]\TU/LiberationSerif(0
)/b/n/12 128k Long-Context[]\TU/Vazirmatn(0)/b/n/12 ): \TU/Vazirmatn(0)/m/it/12
 پشتیبانی از پنجره ۱۲۸،۰۰۰ توکنی با مکانیزم[]
 []

[100] [101] [102]
Overfull \hbox (15.71924pt too wide) in paragraph at lines 161--163
[]\TU/Vazirmatn(0)/m/it/12 که در آن $[]\OT1/cmr/m/n/12 (\OML/cmm/m/it/12 x; y\O
T1/cmr/m/n/12 ) = \OML/cmm/m/it/12 ^^L [] []$ \TU/Vazirmatn(0)/m/it/12 نشان‌دهن
ده پاداش ضمنی مدل است. ضریب $\OML/cmm/m/it/12 ^^[ []$[]
 []

[103]
Overfull \hbox (22.81485pt too wide) in paragraph at lines 248--249
[][] [][][]\TU/Vazirmatn(0)/b/n/12 ارزیابی‌های انسانی و داوری مدل بزرگ‌تر ([]\T
U/LiberationSerif(0)/b/n/12 Human Evaluation & LLM-as-a-Judge[]\TU/Vazirmatn(0)
/b/n/12 )[][][] \TU/Vazirmatn(0)/m/it/12 برای راستی‌آزمایی[]
 []

[104]) (./models/Training/Method/Post-Training/nemotron_3.tex

LaTeX Warning: Citation `nemotron_nano2_2025' on page 105 undefined on input li
ne 4.

[105]
Overfull \hbox (12.17184pt too wide) in paragraph at lines 11--12
[][]\TU/Vazirmatn(0)/b/n/12 کنترل دانه‌بندی‌شده بودجه استدلال در زمان استنتاج (
[]\TU/LiberationSerif(0)/b/n/12 Granular Reasoning Budget Control[]\TU/Vazirmat
n(0)/b/n/12 ):[]
 []


Overfull \hbox (8.26407pt too wide) in paragraph at lines 121--122
[]\TU/Vazirmatn(0)/m/it/12 پراکنده دوربرد ([]\TU/LiberationSerif(0)/m/n/12 Long
-Range Retrieval[]\TU/Vazirmatn(0)/m/it/12 )، استدلال چندمرحله‌ای ([]\TU/Libera
tionSerif(0)/m/n/12 Multi-Hop Reasoning[]\TU/Vazirmatn(0)/m/it/12 ) و خلاصه‌ساز
ی[]
 []

[106]
Overfull \hbox (2.9047pt too wide) in paragraph at lines 137--138
[][] [][][]\TU/Vazirmatn(0)/b/n/12 یادگیری تقویتی چندمحیطی هم‌زمان ([]\TU/Liber
ationSerif(0)/b/n/12 Simultaneous Multi-Environment RL[]\TU/Vazirmatn(0)/b/n/12
 )[][][] \TU/Vazirmatn(0)/m/it/12 بر خلاف رویه‌های[]
 []


Overfull \hbox (21.45474pt too wide) detected at line 165
[][][]\U/msb/m/n/12 E[] [] \OT1/cmr/m/n/12 = \OML/cmm/m/it/12 b\OT1/cmr/m/n/12 
(\OML/cmm/m/it/12 x\OT1/cmr/m/n/12 ) [] \OMS/cmsy/m/n/12 r[]\OML/cmm/m/it/12 ^^
Y[]\OT1/cmr/m/n/12 (\OML/cmm/m/it/12 y \OMS/cmsy/m/n/12 j \OML/cmm/m/it/12 x\OT
1/cmr/m/n/12 ) = \OML/cmm/m/it/12 b\OT1/cmr/m/n/12 (\OML/cmm/m/it/12 x\OT1/cmr/
m/n/12 )\OMS/cmsy/m/n/12 r[] [] \OT1/cmr/m/n/12 = \OML/cmm/m/it/12 b\OT1/cmr/m/
n/12 (\OML/cmm/m/it/12 x\OT1/cmr/m/n/12 )\OMS/cmsy/m/n/12 r[]\OT1/cmr/m/n/12 (1
) = \OT1/cmr/bx/n/12 0
 []

[107]
Overfull \hbox (9.27579pt too wide) in paragraph at lines 209--210
[][] [][][]\TU/Vazirmatn(0)/b/n/12 شتاب‌دهی رول‌اوت با معماری هیبریدی و لایه‌ها
ی []\TU/LiberationSerif(0)/b/n/12 MTP[][][][] \TU/Vazirmatn(0)/m/it/12 سرعت بال
ای تولید رول‌اوت‌ها در پس‌آموزش[]
 []

[108]
Overfull \hbox (18.62344pt too wide) in paragraph at lines 216--217
[][] [][][]\TU/Vazirmatn(0)/b/n/12 کنترل دانه‌بندی‌شده بودجه استدلال در زمان اس
تنتاج ([]\TU/LiberationSerif(0)/b/n/12 Budget Control[]\TU/Vazirmatn(0)/b/n/12 
)[][][] \TU/Vazirmatn(0)/m/it/12 مدل‌های خانواده []\TU/LiberationSerif(0)/b/n/1
2 Nemotron[][]
 []


Overfull \hbox (2.35153pt too wide) in paragraph at lines 240--241
[][][]\TU/LiberationSerif(0)/b/n/12 NeMo-RL[]\TU/Vazirmatn(0)/b/n/12 : \TU/Vazi
rmatn(0)/m/it/12 چارچوب مقیاس‌پذیر بهینه‌سازی خط‌مشی با پشتیبانی بومی از فرمت‌ه
ای محاسباتی[]
 []

) (./models/Training/Method/Post-Training/qwen_3.tex
Overfull \hbox (14.84805pt too wide) in paragraph at lines 4--5
[][] [][][]\TU/Vazirmatn(0)/b/n/12 مقدمه و پارادایم یکپارچه پس‌آموزش ([]\TU/Lib
erationSerif(0)/b/n/12 Post-Training Paradigm[]\TU/Vazirmatn(0)/b/n/12 )[][][] 
\TU/Vazirmatn(0)/m/it/12 فرآیند پس‌آموزش ([]\TU/LiberationSerif(0)/m/n/12 Post-
Training[]\TU/Vazirmatn(0)/m/it/12 )[]
 []


Overfull \hbox (3.39865pt too wide) in paragraph at lines 10--11
[][]\TU/Vazirmatn(0)/m/it/12 مدل‌های پرچمدار ([]\TU/LiberationSerif(0)/b/n/12 Q
wen3-235B-A22B[] \TU/Vazirmatn(0)/m/it/12 و []\TU/LiberationSerif(0)/b/n/12 Qwe
n3-32B[]\TU/Vazirmatn(0)/m/it/12 ) یک فرآیند جامع چهارمرحله‌ای را طی می‌کنند،[]

 []

[109] [110]
Overfull \hbox (0.33295pt too wide) in paragraph at lines 146--147
[][]\TU/Vazirmatn(0)/m/it/12 در الگوریتم []\TU/LiberationSerif(0)/m/n/12 GRPO[]
\TU/Vazirmatn(0)/m/it/12 ، برای هر پرامپت $\OML/cmm/m/it/12 q \OMS/cmsy/m/n/12 
^^X D$\TU/Vazirmatn(0)/m/it/12 ، خط‌مشی پیشین $\OML/cmm/m/it/12 ^^Y[]$ \TU/Vazi
rmatn(0)/m/it/12 تعداد $\OML/cmm/m/it/12 G$ \TU/Vazirmatn(0)/m/it/12 پاسخ کاندی
د $\OMS/cmsy/m/n/12 f\OML/cmm/m/it/12 o[]; [] ; o[]\OMS/cmsy/m/n/12 g$[]
 []


Overfull \hbox (4.1894pt too wide) in paragraph at lines 152--154
[]\TU/Vazirmatn(0)/m/it/12 با تعریف نسبت وزن‌های اهمیت توکنی به‌صورت $\OML/cmm/
m/it/12 ^^Z[]\OT1/cmr/m/n/12 (\OML/cmm/m/it/12 ^^R\OT1/cmr/m/n/12 ) = []$\TU/Va
zirmatn(0)/m/it/12 ، تابع هدف نهایی بهینه‌سازی[]
 []

[111]
Overfull \hbox (1.67422pt too wide) in paragraph at lines 211--212
[][] [][][]\TU/Vazirmatn(0)/b/n/12 کنترل بودجه استنتاج ([]\TU/LiberationSerif(0
)/b/n/12 Thinking Budget Control[]\TU/Vazirmatn(0)/b/n/12 )[][][] \TU/Vazirmatn
(0)/m/it/12 به‌عنوان یک توانمندی نوظهور، مدل یاد می‌گیرد[]
 []

[112]
Overfull \hbox (1.326pt too wide) in paragraph at lines 219--220
 [][][][][][][] 
 []

[113]
Overfull \hbox (8.68356pt too wide) in paragraph at lines 250--251
[][]\TU/Vazirmatn(0)/b/n/12 تقطیر حین خط‌مشی ([]\TU/LiberationSerif(0)/b/n/12 O
n-Policy Logit Distillation[]\TU/Vazirmatn(0)/b/n/12 ): \TU/Vazirmatn(0)/m/it/1
2 دانش‌آموز در یکی از دو حالت نمونه‌برداری[]
 []


Overfull \hbox (5.8707pt too wide) in paragraph at lines 254--255
[][] [][][]\TU/Vazirmatn(0)/b/n/12 اشتقاق دیفرانسیلی گرادیان تقطیر لاجیت‌ها[][]
[] \TU/Vazirmatn(0)/m/it/12 با در نظر گرفتن لاجیت‌های معلم با نماد $\OML/cmm/m/
it/12 z[]$\TU/Vazirmatn(0)/m/it/12 ، لاجیت‌های[]
 []

[114]) (./models/Training/Method/Post-Training/olmo_3.tex [115] [116]
Overfull \hbox (7.88321pt too wide) in paragraph at lines 141--142
[][] [][][]\TU/Vazirmatn(0)/b/n/12 اشتقاق فرم بسته و تابع هدف بهینه‌سازی مستقیم
 ترجیحات ([]\TU/LiberationSerif(0)/b/n/12 DPO[]\TU/Vazirmatn(0)/b/n/12 ):[][][]
 \TU/Vazirmatn(0)/m/it/12 مدل‌سازی احتمالاتی ترجیحات[]
 []

[117] [118]) [119]
(./models/Training/HyperparameterTuning/literature_review.tex
Missing character: There is no م (U+0645) in font Liberation Serif Bold/OT:scri
pt=latn;language=dflt;mapping=tex-text;!
Missing character: There is no ر (U+0631) in font Liberation Serif Bold/OT:scri
pt=latn;language=dflt;mapping=tex-text;!
Missing character: There is no و (U+0648) in font Liberation Serif Bold/OT:scri
pt=latn;language=dflt;mapping=tex-text;!
Missing character: There is no ر (U+0631) in font Liberation Serif Bold/OT:scri
pt=latn;language=dflt;mapping=tex-text;!
Missing character: There is no ج (U+062C) in font Liberation Serif Bold/OT:scri
pt=latn;language=dflt;mapping=tex-text;!
Missing character: There is no ا (U+0627) in font Liberation Serif Bold/OT:scri
pt=latn;language=dflt;mapping=tex-text;!
Missing character: There is no م (U+0645) in font Liberation Serif Bold/OT:scri
pt=latn;language=dflt;mapping=tex-text;!
Missing character: There is no ع (U+0639) in font Liberation Serif Bold/OT:scri
pt=latn;language=dflt;mapping=tex-text;!
Missing character: There is no و (U+0648) in font Liberation Serif Bold/OT:scri
pt=latn;language=dflt;mapping=tex-text;!
Missing character: There is no م (U+0645) in font Liberation Serif Bold/OT:scri
pt=latn;language=dflt;mapping=tex-text;!
Missing character: There is no ب (U+0628) in font Liberation Serif Bold/OT:scri
pt=latn;language=dflt;mapping=tex-text;!
Missing character: There is no ا (U+0627) in font Liberation Serif Bold/OT:scri
pt=latn;language=dflt;mapping=tex-text;!
Missing character: There is no ن (U+0646) in font Liberation Serif Bold/OT:scri
pt=latn;language=dflt;mapping=tex-text;!
Missing character: There is no ی (U+06CC) in font Liberation Serif Bold/OT:scri
pt=latn;language=dflt;mapping=tex-text;!
Missing character: There is no ت (U+062A) in font Liberation Serif Bold/OT:scri
pt=latn;language=dflt;mapping=tex-text;!
Missing character: There is no ح (U+062D) in font Liberation Serif Bold/OT:scri
pt=latn;language=dflt;mapping=tex-text;!
Missing character: There is no ل (U+0644) in font Liberation Serif Bold/OT:scri
pt=latn;language=dflt;mapping=tex-text;!
Missing character: There is no ی (U+06CC) in font Liberation Serif Bold/OT:scri
pt=latn;language=dflt;mapping=tex-text;!
Missing character: There is no ل (U+0644) in font Liberation Serif Bold/OT:scri
pt=latn;language=dflt;mapping=tex-text;!
Missing character: There is no ی (U+06CC) in font Liberation Serif Bold/OT:scri
pt=latn;language=dflt;mapping=tex-text;!
Missing character: There is no ت (U+062A) in font Liberation Serif Bold/OT:scri
pt=latn;language=dflt;mapping=tex-text;!
Missing character: There is no ن (U+0646) in font Liberation Serif Bold/OT:scri
pt=latn;language=dflt;mapping=tex-text;!
Missing character: There is no ظ (U+0638) in font Liberation Serif Bold/OT:scri
pt=latn;language=dflt;mapping=tex-text;!
Missing character: There is no ی (U+06CC) in font Liberation Serif Bold/OT:scri
pt=latn;language=dflt;mapping=tex-text;!
Missing character: There is no م (U+0645) in font Liberation Serif Bold/OT:scri
pt=latn;language=dflt;mapping=tex-text;!
Missing character: There is no ا (U+0627) in font Liberation Serif Bold/OT:scri
pt=latn;language=dflt;mapping=tex-text;!
Missing character: There is no ب (U+0628) in font Liberation Serif Bold/OT:scri
pt=latn;language=dflt;mapping=tex-text;!
Missing character: There is no ر (U+0631) in font Liberation Serif Bold/OT:scri
pt=latn;language=dflt;mapping=tex-text;!
Missing character: There is no پ (U+067E) in font Liberation Serif Bold/OT:scri
pt=latn;language=dflt;mapping=tex-text;!
Missing character: There is no ا (U+0627) in font Liberation Serif Bold/OT:scri
pt=latn;language=dflt;mapping=tex-text;!
Missing character: There is no ر (U+0631) in font Liberation Serif Bold/OT:scri
pt=latn;language=dflt;mapping=tex-text;!
Missing character: There is no ا (U+0627) in font Liberation Serif Bold/OT:scri
pt=latn;language=dflt;mapping=tex-text;!
Missing character: There is no م (U+0645) in font Liberation Serif Bold/OT:scri
pt=latn;language=dflt;mapping=tex-text;!
Missing character: There is no ت (U+062A) in font Liberation Serif Bold/OT:scri
pt=latn;language=dflt;mapping=tex-text;!
Missing character: There is no ر (U+0631) in font Liberation Serif Bold/OT:scri
pt=latn;language=dflt;mapping=tex-text;!
Missing character: There is no ه (U+0647) in font Liberation Serif Bold/OT:scri
pt=latn;language=dflt;mapping=tex-text;!
Missing character: There is no ا (U+0627) in font Liberation Serif Bold/OT:scri
pt=latn;language=dflt;mapping=tex-text;!

Overfull \hbox (5.56287pt too wide) in paragraph at lines 17--17
 [][]$\OML/cmm/m/it/10.95 d[]; d[]; L[]; B[]; D[]$[] 
 []

[120]
Overfull \hbox (10.06485pt too wide) in paragraph at lines 58--59
[][] [][][]\TU/Vazirmatn(0)/b/n/12 سطح اتلاف تعاملی و غیرقابل تفکیک []\TU/Liber
ationSerif(0)/b/n/12 Farseer[][][][] \TU/Vazirmatn(0)/m/it/12 لی و همکاران در ب
خش دوم پژوهش‌های مقیاس‌پذیری[]
 []

[121]
Overfull \hbox (0.3168pt too wide) in paragraph at lines 97--99
[]\TU/Vazirmatn(0)/m/it/12 با تحلیل تجربی زمان‌بندی‌های دوسطحی ([]\TU/Liberatio
nSerif(0)/m/n/12 Two-stage[]\TU/Vazirmatn(0)/m/it/12 ) و بسط تلسکوپی، قانون جام
ع چندتوانی ([]\TU/LiberationSerif(0)/m/n/12 MPL[]\TU/Vazirmatn(0)/m/it/12 )[]
 []


Overfull \hbox (11.11154pt too wide) in paragraph at lines 108--110
[]\TU/Vazirmatn(0)/m/it/12 با بهینه‌سازی فرمول []\TU/LiberationSerif(0)/m/n/12 
MPL[] \TU/Vazirmatn(0)/m/it/12 بر بستر بردار گام‌ها، ساختار بهینه []\TU/Liberat
ionSerif(0)/m/n/12 Warmup-Stable-Decay (WSD)[] \TU/Vazirmatn(0)/m/it/12 خودبه‌خ
ود[]
 []

[122]
Overfull \hbox (7.37329pt too wide) in paragraph at lines 119--121
[]\TU/Vazirmatn(0)/m/it/12 به دلیل فرضیات ناصحیح (بهینه‌ساز []\TU/LiberationSer
if(0)/m/n/12 SGD[] \TU/Vazirmatn(0)/m/it/12 محض و هسیان همسانگرد $\OML/cmm/m/it
/12 H \OMS/cmsy/m/n/12 / \OML/cmm/m/it/12 I$\TU/Vazirmatn(0)/m/it/12 ) در مدل‌ه
ای آموزش‌دیده[]
 []

[123]
Overfull \hbox (4.92422pt too wide) in paragraph at lines 178--179
[][] [][][]\TU/Vazirmatn(0)/b/n/12 پدیده جبران سریع و سوئیچ دیرهنگام دسته ([]\T
U/LiberationSerif(0)/b/n/12 Fast Catch-Up & Late Switching[]\TU/Vazirmatn(0)/b/
n/12 )[][][] \TU/Vazirmatn(0)/m/it/12 وانگ و همکاران[]
 []

[124]
Overfull \hbox (5.97849pt too wide) in paragraph at lines 205--206
[][]\TU/Vazirmatn(0)/b/n/12 بهینه‌سازی ابرپارامترهای به ازای هر ماژول ([]\TU/Li
berationSerif(0)/b/n/12 Per-Module HPO[]\TU/Vazirmatn(0)/b/n/12 ): \TU/Vazirmat
n(0)/m/it/12 به دلیل نقش متفاوت لایه‌های[]
 []


Overfull \hbox (27.78165pt too wide) in paragraph at lines 213--214
[][] [][][]\TU/Vazirmatn(0)/b/n/12 انتقال ابرپارامترها برای بهینه‌سازهای پیش‌شر
طی‌شده ماتریسی[][][] \TU/Vazirmatn(0)/m/it/12 چیو و همکاران ([]\TU/LiberationSe
rif(0)/m/n/12 Matrix-Preconditioned[][]
 []

[125]) (./models/Training/HyperparameterTuning/deepseek_v4.tex
Overfull \hbox (25.4047pt too wide) in paragraph at lines 4--5
[][] [][][]\TU/Vazirmatn(0)/b/n/12 مقدمه و راهبرد بهینه‌سازی دوگانه[][][] \TU/V
azirmatn(0)/m/it/12 مدل‌های خانواده []\TU/LiberationSerif(0)/b/n/12 DeepSeek-V4
[] \TU/Vazirmatn(0)/m/it/12 [[]] شامل نسخه‌های []\TU/LiberationSerif(0)/m/n/12 
DeepSeek-[][]
 []


Overfull \hbox (4.20157pt too wide) in paragraph at lines 7--8
[][] [][][]\TU/Vazirmatn(0)/b/n/12 فرمول‌بندی ریاضیاتی تکرارهای ارتوگونال نیوتن
-شولتز در []\TU/LiberationSerif(0)/b/n/12 Muon[][][][] \TU/Vazirmatn(0)/m/it/12
 بهینه‌ساز []\TU/LiberationSerif(0)/m/n/12 Muon[] \TU/Vazirmatn(0)/m/it/12 به‌ج
ای به‌روزرسانی[]
 []

[126]
Overfull \hbox (4.69968pt too wide) in paragraph at lines 27--29
[]\TU/Vazirmatn(0)/m/it/12 که در آن فاکتور مقیاس مجدد $\OML/cmm/m/it/12 ^^M \OT
1/cmr/m/n/12 = 0\OML/cmm/m/it/12 :\OT1/cmr/m/n/12 18$ \TU/Vazirmatn(0)/m/it/12 
انتخاب شده است تا امکان بازاستفاده مستقیم از ابرپارامترهای[]
 []


Overfull \hbox (12.69571pt too wide) in paragraph at lines 34--35
[][] [][][]\TU/Vazirmatn(0)/b/n/12 فراپارامترهای بهینه‌ساز []\TU/LiberationSeri
f(0)/b/n/12 AdamW[][][][] \TU/Vazirmatn(0)/m/it/12 برای لایه‌های امبدینگ، سر پی
ش‌بینی ([]\TU/LiberationSerif(0)/m/n/12 Prediction Head[]\TU/Vazirmatn(0)/m/it/
12 )، بایاس‌های[]
 []


Overfull \hbox (6.53448pt too wide) in paragraph at lines 41--42
[][]\TU/Vazirmatn(0)/b/n/12 مدل []\TU/LiberationSerif(0)/b/n/12 DeepSeek-V4-Fla
sh[]\TU/Vazirmatn(0)/b/n/12 : \TU/Vazirmatn(0)/m/it/12 آموزش روی ۳۲ تریلیون توک
ن. فاز گرم‌شدن خطی ([]\TU/LiberationSerif(0)/m/n/12 Linear Warmup[]\TU/Vazirmat
n(0)/m/it/12 )[]
 []


Overfull \hbox (4.48087pt too wide) in paragraph at lines 53--54
[][] [][][]\TU/Vazirmatn(0)/b/n/12 تحدید دامنه و مهار ناپایداری‌های گرادیان[][]
[] \TU/Vazirmatn(0)/m/it/12 جهت مقابله با جهش‌های انفجاری گرادیان ([]\TU/Libera
tionSerif(0)/m/n/12 Loss Spikes[]\TU/Vazirmatn(0)/m/it/12 )،[]
 []

[127]) (./models/Training/HyperparameterTuning/glm_5.tex [128]
Overfull \hbox (8.49495pt too wide) detected at line 28
[][][]\OMS/cmsy/m/n/12 L[]\OT1/cmr/m/n/12 (\OML/cmm/m/it/12 ^^R\OT1/cmr/m/n/12 
) = \OMS/cmsy/m/n/12 ^^@\U/msb/m/n/12 E []
 []


Overfull \hbox (6.66446pt too wide) in paragraph at lines 40--42
[]\TU/Vazirmatn(0)/m/it/12 به منظور جلوگیری از فروپاشی آنتروپی ناشی از عدم قطعی
ت شاخص‌گذار توجه، عملگر قطعی []\TU/LiberationSerif(0)/m/n/12 torch.topk[][]
 []


Overfull \hbox (20.32071pt too wide) in paragraph at lines 44--45
[][] [][][]\TU/Vazirmatn(0)/b/n/12 تقطیر بین‌مرحله‌ای درون‌خطی ([]\TU/Liberatio
nSerif(0)/b/n/12 On-Policy Cross-Stage Distillation[]\TU/Vazirmatn(0)/b/n/12 )[
][][] \TU/Vazirmatn(0)/m/it/12 برای یکپارچه‌سازی تخصص‌های[]
 []

[129]) (./models/Training/HyperparameterTuning/kimi_k3.tex [130] [131])
(./models/Training/HyperparameterTuning/magistral.tex [132]
Overfull \hbox (23.45135pt too wide) in paragraph at lines 31--32
[][]\TU/Vazirmatn(0)/b/n/12 پاداش قالب‌بندی ($\OML/cmm/m/it/12 R[]$\TU/Vazirmat
n(0)/b/n/12 ): \TU/Vazirmatn(0)/m/it/12 تخصیص امتیاز $\OT1/cmr/m/n/12 0\OML/cmm
/m/it/12 :\OT1/cmr/m/n/12 1$ \TU/Vazirmatn(0)/m/it/12 در صورت رعایت دقیق ساختار
 ‘<think>...</think>‘[]
 []


Overfull \hbox (91.9151pt too wide) in paragraph at lines 61--72
 [][][][][] 
 []

) (./models/Training/HyperparameterTuning/minimax_m2.tex [133]
Overfull \hbox (16.07266pt too wide) in paragraph at lines 13--14
[][] [][][]\TU/Vazirmatn(0)/b/n/12 فرمول‌بندی الگوریتم []\TU/LiberationSerif(0)
/b/n/12 CISPO[][][][] \TU/Vazirmatn(0)/m/it/12 برای مدیریت رول‌اوت‌های طولانی ک
ارگزاران، الگوریتم بهینه‌سازی خط‌مشی[]
 []


Overfull \hbox (16.70448pt too wide) in paragraph at lines 38--39
[][] [][][]\TU/Vazirmatn(0)/b/n/12 فراپارامترهای زمان‌بندی []\TU/LiberationSeri
f(0)/b/n/12 Windowed FIFO[][][][] \TU/Vazirmatn(0)/m/it/12 جهت غلبه بر چالش مسد
ودسازی سرخط ([]\TU/LiberationSerif(0)/m/n/12 HoL Blocking[]\TU/Vazirmatn(0)/m/i
t/12 )[]
 []

[134]) (./models/Training/HyperparameterTuning/mobilellm_pro.tex [135])
(./models/Training/HyperparameterTuning/nemotron_3.tex [136]
Overfull \hbox (5.54684pt too wide) in paragraph at lines 19--20
[][]\TU/Vazirmatn(0)/b/n/12 لایه‌های محافظت‌شده: \TU/Vazirmatn(0)/m/it/12 ۱۵٪ ا
نتهایی لایه‌های شبکه در دقت بالا حفظ شدند؛ لایه‌های تصویرسازی[]
 []

) (./models/Training/HyperparameterTuning/qwen_3.tex [137] [138])
(./models/Training/HyperparameterTuning/olmo_3.tex
Overfull \hbox (8.42618pt too wide) in paragraph at lines 7--8
[][] [][][]\TU/Vazirmatn(0)/b/n/12 تحلیل مقایسه‌ای فراپارامترهای بهینه‌سازی پیش
‌آموزش[][][] \TU/Vazirmatn(0)/m/it/12 در جدول زیر، تمامی مشخصات کالیبراسیون[]
 []


Overfull \hbox (7.34415pt too wide) in paragraph at lines 40--41
[][] [][][]\TU/Vazirmatn(0)/b/n/12 فراپارامترهای بهینه‌سازی ترجیحات ([]\TU/Libe
rationSerif(0)/b/n/12 Delta Learning DPO[]\TU/Vazirmatn(0)/b/n/12 )[][][] \TU/V
azirmatn(0)/m/it/12 تابع زیان بهینه‌سازی ترجیحات مستقیم[]
 []

[139])) (./sections/02_architecture.tex
(./models/Architecture/PositionalEncoding/literature_review.tex [140]
Overfull \hbox (3.0859pt too wide) in paragraph at lines 33--34
[][]\TU/Vazirmatn(0)/b/n/12 نسل اول (۲۰۱۷): \TU/Vazirmatn(0)/m/it/12 آغاز با تو
ابع ریاضی از پیش طراحی‌شده (سینوسی-کسینوسی) حاوی پیش‌فرض[]
 []


Overfull \hbox (2.85pt too wide) in paragraph at lines 39--40
[][] [][][]\TU/Vazirmatn(0)/b/n/12 چارچوب ماتریس‌های تپلیتز: رژیم‌های جمع‌پذیر 
و ضرب‌پذیر ([]\TU/LiberationSerif(0)/b/n/12 Toeplitz Framework[]\TU/Vazirmatn(0
)/b/n/12 )[][][] \TU/Vazirmatn(0)/m/it/12 بر پایه تحلیل[]
 []


Overfull \hbox (21.79294pt too wide) in paragraph at lines 41--42
[][]\TU/Vazirmatn(0)/b/n/12 مکانیزم‌های جمع‌پذیر ([]\TU/LiberationSerif(0)/b/n/
12 Additive PEs[]\TU/Vazirmatn(0)/b/n/12 ): \TU/Vazirmatn(0)/m/it/12 در این روش
‌ها ماتریس لاجیت توجه از مجموع ماتریس‌های[]
 []

[141]
Overfull \hbox (17.41989pt too wide) in paragraph at lines 46--47
[][]\TU/Vazirmatn(0)/b/n/12 مکانیزم‌های ضرب‌پذیر ([]\TU/LiberationSerif(0)/b/n/
12 Multiplicative PEs / RoPE[]\TU/Vazirmatn(0)/b/n/12 ): \TU/Vazirmatn(0)/m/it/
12 موقعیت از طریق ضرب هادامار ([]\TU/LiberationSerif(0)/m/n/12 Hadamard[][]
 []

[142]
Overfull \hbox (13.18204pt too wide) in paragraph at lines 132--133
[][] [][][]\TU/Vazirmatn(0)/b/n/12 نسل دوم: کدهای موقعیت نسبی و سازوکار []\TU/L
iberationSerif(0)/b/n/12 ALiBi[][][][] \TU/Vazirmatn(0)/m/it/12 کدهای نسبی تلاش
 کردند وابستگی به اندیس‌های[]
 []

[143]
Overfull \hbox (2.19766pt too wide) in paragraph at lines 165--167
[]\TU/Vazirmatn(0)/m/it/12 این تداخل مانع از آدرس‌دهی مستقل محتوا و موقعیت شده 
و در مسائلی مانند نمایه‌سازی غیرمستقیم[]
 []

[144] [145]
Overfull \hbox (17.87433pt too wide) in paragraph at lines 229--230
[][]\TU/Vazirmatn(0)/m/it/12 علاوه بر این، چیان لی و همکاران [[]] با طرح مدل خو
درگرسیو []\TU/LiberationSerif(0)/m/n/12 Parity-HIST[] \TU/Vazirmatn(0)/m/it/12 
ثابت کردند که ترنسفورمرهای[]
 []

[146]
Overfull \hbox (6.35977pt too wide) in paragraph at lines 236--237
[][] [][][]\TU/Vazirmatn(0)/b/n/12 نظریه رول‌اوت آگاه از اتصالات پسماند و تحلیل
 پدیده []\TU/LiberationSerif(0)/b/n/12 Lost-in-the-Middle[][][][] \TU/Vazirmatn
(0)/m/it/12 هراسیمچوک و همکاران[]
 []


Overfull \hbox (26.94553pt too wide) in paragraph at lines 257--258
[]\TU/Vazirmatn(0)/m/it/12 ویولت ([]\TU/LiberationSerif(0)/m/n/12 Daubechies-4[
]\TU/Vazirmatn(0)/m/it/12 ) و چندجمله‌ای‌های لژاندر جفت‌شده با نگاشت هذلولوی اش
باع‌شونده $[]\OT1/cmr/m/n/12 (\OML/cmm/m/it/12 ^^M[]\OT1/cmr/m/n/12 )$\TU/Vazir
matn(0)/m/it/12 ،[]
 []

[147]
Overfull \hbox (0.31245pt too wide) in paragraph at lines 260--262
[]\TU/Vazirmatn(0)/m/it/12 بر اساس تحلیل پیچیدگی رادماخر ($\OMS/cmsy/m/n/12 R[]
\OT1/cmr/m/n/12 (\OMS/cmsy/m/n/12 F\OT1/cmr/m/n/12 )$\TU/Vazirmatn(0)/m/it/12 )
، کدهای متعامد نرمال‌شده بدون افزایش غیرخطی ظرفیت[]
 []

) (./models/Architecture/PositionalEncoding/deepseek_v4.tex [148]
Overfull \hbox (34.5422pt too wide) detected at line 36
[][][][] \OT1/cmr/m/n/12 = \OMS/cmsy/m/n/12 R[] [] \OT1/cmr/m/n/12 = [] \OML/cm
m/m/it/12 A[] [] v[] \OT1/cmr/m/n/12 = [] \OML/cmm/m/it/12 A[]\OMS/cmsy/m/n/12 
R[]\OML/cmm/m/it/12 v[]
 []


Overfull \hbox (6.2734pt too wide) in paragraph at lines 42--43
[][]\TU/Vazirmatn(0)/b/n/12 ابعاد ۶۴ گانه کدگذاری دورانی: \TU/Vazirmatn(0)/m/it
/12 با فرمت ممیز شناور ۱۶ بیتی ([]\TU/LiberationSerif(0)/m/n/12 BF16[]\TU/Vazir
matn(0)/m/it/12 ) ذخیره می‌شوند تا کوچک‌ترین[]
 []

[149]) (./models/Architecture/PositionalEncoding/glm_5.tex)
(./models/Architecture/PositionalEncoding/kimi_k3.tex
Overfull \hbox (22.46915pt too wide) in paragraph at lines 10--1
[]\TU/Vazirmatn(0)/m/it/12 درک فواصل دور و مهار پدیده «گم‌شدن در میانه» ([]\TU/
LiberationSerif(0)/m/n/12 Lost-in-the-Middle[]\TU/Vazirmatn(0)/m/it/12 )، داده‌
های مصنوعی با وابستگی‌های[]
 []

[150]) (./models/Architecture/PositionalEncoding/magistral.tex [151])
(./models/Architecture/PositionalEncoding/minimax_m2.tex)
(./models/Architecture/PositionalEncoding/mobilellm_pro.tex [152]
Overfull \hbox (24.08243pt too wide) in paragraph at lines 7--8
[][] [][][]\TU/Vazirmatn(0)/b/n/12 فرمول‌بندی تقطیر موقعیتی ضمنی ([]\TU/Liberat
ionSerif(0)/b/n/12 Implicit Positional Distillation[]\TU/Vazirmatn(0)/b/n/12 )[
][][] \TU/Vazirmatn(0)/m/it/12 برای حل این معضل، پژوهشگران[]
 []

) (./models/Architecture/PositionalEncoding/nemotron_3.tex [153]
Overfull \hbox (0.64645pt too wide) in paragraph at lines 15--16
[][]\TU/Vazirmatn(0)/b/n/12 انطباق با محاسبات ممیز شناور ۴ بیتی ([]\TU/Liberati
onSerif(0)/b/n/12 NVFP4[]\TU/Vazirmatn(0)/b/n/12 ): \TU/Vazirmatn(0)/m/it/12 خط
اهای گردکردن ناشی از ضرب‌های ماتریس[]
 []

) (./models/Architecture/PositionalEncoding/qwen_3.tex)
(./models/Architecture/PositionalEncoding/olmo_3.tex [154]
Overfull \hbox (23.00476pt too wide) in paragraph at lines 34--46
 [][][][][] 
 []

) (./models/Architecture/Tokenizer/literature_review.tex
Missing character: There is no م (U+0645) in font Liberation Serif Bold/OT:scri
pt=latn;language=dflt;mapping=tex-text;!
Missing character: There is no ب (U+0628) in font Liberation Serif Bold/OT:scri
pt=latn;language=dflt;mapping=tex-text;!
Missing character: There is no ا (U+0627) in font Liberation Serif Bold/OT:scri
pt=latn;language=dflt;mapping=tex-text;!
Missing character: There is no ن (U+0646) in font Liberation Serif Bold/OT:scri
pt=latn;language=dflt;mapping=tex-text;!
Missing character: There is no ی (U+06CC) in font Liberation Serif Bold/OT:scri
pt=latn;language=dflt;mapping=tex-text;!
Missing character: There is no ن (U+0646) in font Liberation Serif Bold/OT:scri
pt=latn;language=dflt;mapping=tex-text;!
Missing character: There is no ظ (U+0638) in font Liberation Serif Bold/OT:scri
pt=latn;language=dflt;mapping=tex-text;!
Missing character: There is no ر (U+0631) in font Liberation Serif Bold/OT:scri
pt=latn;language=dflt;mapping=tex-text;!
Missing character: There is no ی (U+06CC) in font Liberation Serif Bold/OT:scri
pt=latn;language=dflt;mapping=tex-text;!
Missing character: There is no و (U+0648) in font Liberation Serif Bold/OT:scri
pt=latn;language=dflt;mapping=tex-text;!
Missing character: There is no م (U+0645) in font Liberation Serif Bold/OT:scri
pt=latn;language=dflt;mapping=tex-text;!
Missing character: There is no ر (U+0631) in font Liberation Serif Bold/OT:scri
pt=latn;language=dflt;mapping=tex-text;!
Missing character: There is no و (U+0648) in font Liberation Serif Bold/OT:scri
pt=latn;language=dflt;mapping=tex-text;!
Missing character: There is no ر (U+0631) in font Liberation Serif Bold/OT:scri
pt=latn;language=dflt;mapping=tex-text;!
Missing character: There is no پ (U+067E) in font Liberation Serif Bold/OT:scri
pt=latn;language=dflt;mapping=tex-text;!
Missing character: There is no ی (U+06CC) in font Liberation Serif Bold/OT:scri
pt=latn;language=dflt;mapping=tex-text;!
Missing character: There is no ش (U+0634) in font Liberation Serif Bold/OT:scri
pt=latn;language=dflt;mapping=tex-text;!
Missing character: There is no ی (U+06CC) in font Liberation Serif Bold/OT:scri
pt=latn;language=dflt;mapping=tex-text;!
Missing character: There is no ن (U+0646) in font Liberation Serif Bold/OT:scri
pt=latn;language=dflt;mapping=tex-text;!
Missing character: There is no ه (U+0647) in font Liberation Serif Bold/OT:scri
pt=latn;language=dflt;mapping=tex-text;!
Missing character: There is no ج (U+062C) in font Liberation Serif Bold/OT:scri
pt=latn;language=dflt;mapping=tex-text;!
Missing character: There is no ا (U+0627) in font Liberation Serif Bold/OT:scri
pt=latn;language=dflt;mapping=tex-text;!
Missing character: There is no م (U+0645) in font Liberation Serif Bold/OT:scri
pt=latn;language=dflt;mapping=tex-text;!
Missing character: There is no ع (U+0639) in font Liberation Serif Bold/OT:scri
pt=latn;language=dflt;mapping=tex-text;!
Missing character: There is no ت (U+062A) in font Liberation Serif Bold/OT:scri
pt=latn;language=dflt;mapping=tex-text;!
Missing character: There is no و (U+0648) in font Liberation Serif Bold/OT:scri
pt=latn;language=dflt;mapping=tex-text;!
Missing character: There is no ک (U+06A9) in font Liberation Serif Bold/OT:scri
pt=latn;language=dflt;mapping=tex-text;!
Missing character: There is no ن (U+0646) in font Liberation Serif Bold/OT:scri
pt=latn;language=dflt;mapping=tex-text;!
Missing character: There is no ا (U+0627) in font Liberation Serif Bold/OT:scri
pt=latn;language=dflt;mapping=tex-text;!
Missing character: There is no ی (U+06CC) in font Liberation Serif Bold/OT:scri
pt=latn;language=dflt;mapping=tex-text;!
Missing character: There is no ز (U+0632) in font Liberation Serif Bold/OT:scri
pt=latn;language=dflt;mapping=tex-text;!
Missing character: There is no ی (U+06CC) in font Liberation Serif Bold/OT:scri
pt=latn;language=dflt;mapping=tex-text;!
Missing character: There is no ش (U+0634) in font Liberation Serif Bold/OT:scri
pt=latn;language=dflt;mapping=tex-text;!
Missing character: There is no ن (U+0646) in font Liberation Serif Bold/OT:scri
pt=latn;language=dflt;mapping=tex-text;!

Overfull \hbox (29.9125pt too wide) in paragraph at lines 1--2
[][][]\TU/LiberationSerif(0)/b/n/12 مبانی نظری و مرور پیشینه جامع توکنایزیشن ([
]Foundations of Tokenization[])[] []
 []


Overfull \hbox (23.4711pt too wide) in paragraph at lines 4--5
[][] [][][]\TU/Vazirmatn(0)/b/n/12 مقدمه و فلسفه بنیادین توکنایزیشن ([]\TU/Libe
rationSerif(0)/b/n/12 Foundational Philosophy[]\TU/Vazirmatn(0)/b/n/12 )[][][] 
\TU/Vazirmatn(0)/m/it/12 فرایند تبدیل داده‌های ساخت‌نیافته،[]
 []

[155]
Overfull \hbox (21.31247pt too wide) in paragraph at lines 19--20
[][]\TU/Vazirmatn(0)/b/n/12 عصر توکنایزرهای زیربنایی چندوجهی ([]\TU/LiberationS
erif(0)/b/n/12 Multimodal Foundation Era[]\TU/Vazirmatn(0)/b/n/12 ): \TU/Vazirm
atn(0)/m/it/12 گسترش کوانتیزاسیون‌های[]
 []


Package pgf Warning: Returning node center instead of a point on node border. D
id you specify a point identical to the center of node ``p_star''? on input lin
e 75.


Package pgf Warning: Returning node center instead of a point on node border. D
id you specify a point identical to the center of node ``p_star''? on input lin
e 75.

[156] [157]
Overfull \hbox (6.43985pt too wide) in paragraph at lines 162--163
[][] [][][]\TU/Vazirmatn(0)/b/n/12 چالش‌های آماری و محاسباتی توکنایزیشن متنی ([
]\TU/LiberationSerif(0)/b/n/12 Statistical & Computational Concerns[]\TU/Vazirm
atn(0)/b/n/12 )[][][] \TU/Vazirmatn(0)/m/it/12 تحلیل[]
 []


Overfull \hbox (1.95473pt too wide) in paragraph at lines 165--166
[][]\TU/Vazirmatn(0)/b/n/12 نایک‌به‌یکی $\OML/cmm/m/it/12 ^^T$ \TU/Vazirmatn(0)
/b/n/12 و معضل ابهام کاذب ([]\TU/LiberationSerif(0)/b/n/12 Spurious Ambiguity[]
\TU/Vazirmatn(0)/b/n/12 ): \TU/Vazirmatn(0)/m/it/12 از آنجا که تصویر $\OML/cmm/
m/it/12 ^^\\OT1/cmr/m/n/12 (^^F[])$ \TU/Vazirmatn(0)/m/it/12 زیرمجموعه[]
 []

[158]
Overfull \hbox (5.64429pt too wide) in paragraph at lines 265--267
[][]\TU/Vazirmatn(0)/b/n/12 ۶. کوانتیزاسیون بدون لوک‌آپ ([]\TU/LiberationSerif(
0)/b/n/12 Lookup-Free Quantization - LFQ[]\TU/Vazirmatn(0)/b/n/12 ): \TU/Vazirm
atn(0)/m/it/12 تصویر بردار پنهان بر گوشه‌های[]
 []

[159]
Overfull \hbox (25.96524pt too wide) in paragraph at lines 344--345
[][] [][][]\TU/Vazirmatn(0)/b/n/12 دینامیک جریان گرادیان و به‌روزرسانی کدبوک ([
]\TU/LiberationSerif(0)/b/n/12 Gradient Flow & Optimization[]\TU/Vazirmatn(0)/b
/n/12 )[][][] \TU/Vazirmatn(0)/m/it/12 به دلیل غیرمشتق‌پذیر[]
 []


Overfull \hbox (10.97696pt too wide) in paragraph at lines 358--359
[][] [][][]\TU/Vazirmatn(0)/b/n/12 معضل فروپاشی کدبوک و روش‌های مهار آن ([]\TU/
LiberationSerif(0)/b/n/12 Codebook Collapse & Mitigations[]\TU/Vazirmatn(0)/b/n
/12 )[][][] \TU/Vazirmatn(0)/m/it/12 پدیده «فروپاشی[]
 []

[160]
Overfull \hbox (2.98439pt too wide) in paragraph at lines 386--387
[][]\TU/Vazirmatn(0)/b/n/12 رگولاریزاسیون ماکزیمم آنتروپی ([]\TU/LiberationSeri
f(0)/b/n/12 Entropy Penalty[]\TU/Vazirmatn(0)/b/n/12 ): \TU/Vazirmatn(0)/m/it/1
2 افزودن اتلاف $\OMS/cmsy/m/n/12 L[] \OT1/cmr/m/n/12 = [][] \OML/cmm/m/it/12 p\
OT1/cmr/m/n/12 (\OML/cmm/m/it/12 c[]\OT1/cmr/m/n/12 ) [] \OML/cmm/m/it/12 p\OT1
/cmr/m/n/12 (\OML/cmm/m/it/12 c[]\OT1/cmr/m/n/12 )$[]
 []

[161]) (./models/Architecture/Tokenizer/deepseek_v4.tex
Overfull \hbox (21.32481pt too wide) in paragraph at lines 12--13
[][][]\TU/lmtt/m/n/12 </|DSML|parameter>[]\TU/Vazirmatn(0)/m/it/12 ، []\TU/lmtt
/m/n/12 </|DSML|invoke>[]\TU/Vazirmatn(0)/m/it/12 ، []\TU/lmtt/m/n/12 </|DSML|t
ool_calls>[]\TU/Vazirmatn(0)/m/it/12 : نشانه‌های پایانی متناظر. []
 []

) (./models/Architecture/Tokenizer/glm_5.tex [162]
Overfull \hbox (1.8754pt too wide) in paragraph at lines 7--8
[][] [][][]\TU/Vazirmatn(0)/b/n/12 دروازه توکن‌به‌توکن ([]\TU/LiberationSerif(0
)/b/n/12 Token-in-Token-out Gateway - TITO[]\TU/Vazirmatn(0)/b/n/12 )[][][] \TU
/Vazirmatn(0)/m/it/12 در آموزش یادگیری تقویتی ناهمگام،[]
 []


Overfull \hbox (5.80899pt too wide) in paragraph at lines 7--8
[]\TU/Vazirmatn(0)/m/it/12 بازگرداندن متن خام به موتور آموزش ([]\TU/LiberationS
erif(0)/m/n/12 Text-in-Text-out[]\TU/Vazirmatn(0)/m/it/12 ) به دلیل توکنایزیشن 
مجدد ([]\TU/LiberationSerif(0)/m/n/12 Re-tokenization[]\TU/Vazirmatn(0)/m/it/12
 )،[]
 []


Overfull \hbox (6.2836pt too wide) in paragraph at lines 10--11
[][] [][][]\TU/Vazirmatn(0)/b/n/12 نمونه‌برداری ترجیحی در سطح توکن ([]\TU/Liber
ationSerif(0)/b/n/12 Token-Level Importance Sampling[]\TU/Vazirmatn(0)/b/n/12 )
[][][] \TU/Vazirmatn(0)/m/it/12 نسبت اهمیت توکن‌ها[]
 []


Overfull \hbox (17.94359pt too wide) in paragraph at lines 23--24
[][] [][][]\TU/Vazirmatn(0)/b/n/12 حالت‌های تفکر در جریان توکن‌ها[][][] []\TU/L
iberationSerif(0)/b/n/12 GLM-5[] \TU/Vazirmatn(0)/m/it/12 جریان تفکر را در قالب
 توکن‌های []\TU/lmtt/m/n/12 <think> ... </think>[][]
 []


Overfull \hbox (3.47458pt too wide) in paragraph at lines 27--28
[][]\TU/Vazirmatn(0)/b/n/12 تفکر نوبتی ([]\TU/LiberationSerif(0)/b/n/12 Turn-le
vel Thinking[]\TU/Vazirmatn(0)/b/n/12 ): \TU/Vazirmatn(0)/m/it/12 مدیریت فعال ی
ا غیرفعال بودن تفکر در هر نوبت پاسخ‌دهی. []
 []

) (./models/Architecture/Tokenizer/kimi_k3.tex [163])
(./models/Architecture/Tokenizer/magistral.tex [164]
Overfull \hbox (10.95157pt too wide) in paragraph at lines 10--11
[][] [][][]\TU/Vazirmatn(0)/b/n/12 پاداش هم‌نوایی زبانی توکن‌ها ([]\TU/Liberati
onSerif(0)/b/n/12 Language Consistency Reward[]\TU/Vazirmatn(0)/b/n/12 )[][][] 
\TU/Vazirmatn(0)/m/it/12 جهت جلوگیری از اختلاط تصادفی[]
 []

) (./models/Architecture/Tokenizer/minimax_m2.tex
Overfull \hbox (8.9672pt too wide) in paragraph at lines 23--1
[][] [][][]\TU/Vazirmatn(0)/b/n/12 کاهش ۱۹ درصدی توکن‌های حاشیه ([]\TU/Liberati
onSerif(0)/b/n/12 Padding Reduction[]\TU/Vazirmatn(0)/b/n/12 )[][][] \TU/Vazirm
atn(0)/m/it/12 با توجه به نوسان ۵ برابری طول توکن‌های[]
 []

) (./models/Architecture/Tokenizer/mobilellm_pro.tex
Overfull \hbox (0.975pt too wide) in paragraph at lines 4--5
[][] [][][]\TU/Vazirmatn(0)/b/n/12 چالش واژگان در مدل‌های فوق‌سبک ([]\TU/Libera
tionSerif(0)/b/n/12 The Vocabulary Challenge[]\TU/Vazirmatn(0)/b/n/12 )[][][] \
TU/Vazirmatn(0)/m/it/12 مدل []\TU/LiberationSerif(0)/b/n/12 MobileLLM-Pro[] \TU
/Vazirmatn(0)/m/it/12 [[]][]
 []

[165]) (./models/Architecture/Tokenizer/nemotron_3.tex)
(./models/Architecture/Tokenizer/qwen_3.tex [166])
(./models/Architecture/Tokenizer/olmo_3.tex
LaTeX Font Info:    Font shape `TU/lmtt/bx/n' in size <12> not available
(Font)              Font shape `TU/lmtt/b/n' tried instead on input line 9.
)
(./models/Architecture/FeedForward/literature_review.tex
Missing character: There is no م (U+0645) in font Liberation Serif Bold/OT:scri
pt=latn;language=dflt;mapping=tex-text;!
Missing character: There is no ر (U+0631) in font Liberation Serif Bold/OT:scri
pt=latn;language=dflt;mapping=tex-text;!
Missing character: There is no و (U+0648) in font Liberation Serif Bold/OT:scri
pt=latn;language=dflt;mapping=tex-text;!
Missing character: There is no ر (U+0631) in font Liberation Serif Bold/OT:scri
pt=latn;language=dflt;mapping=tex-text;!
Missing character: There is no ج (U+062C) in font Liberation Serif Bold/OT:scri
pt=latn;language=dflt;mapping=tex-text;!
Missing character: There is no ا (U+0627) in font Liberation Serif Bold/OT:scri
pt=latn;language=dflt;mapping=tex-text;!
Missing character: There is no م (U+0645) in font Liberation Serif Bold/OT:scri
pt=latn;language=dflt;mapping=tex-text;!
Missing character: There is no ع (U+0639) in font Liberation Serif Bold/OT:scri
pt=latn;language=dflt;mapping=tex-text;!
Missing character: There is no پ (U+067E) in font Liberation Serif Bold/OT:scri
pt=latn;language=dflt;mapping=tex-text;!
Missing character: There is no ی (U+06CC) in font Liberation Serif Bold/OT:scri
pt=latn;language=dflt;mapping=tex-text;!
Missing character: There is no ش (U+0634) in font Liberation Serif Bold/OT:scri
pt=latn;language=dflt;mapping=tex-text;!
Missing character: There is no ی (U+06CC) in font Liberation Serif Bold/OT:scri
pt=latn;language=dflt;mapping=tex-text;!
Missing character: There is no ن (U+0646) in font Liberation Serif Bold/OT:scri
pt=latn;language=dflt;mapping=tex-text;!
Missing character: There is no ه (U+0647) in font Liberation Serif Bold/OT:scri
pt=latn;language=dflt;mapping=tex-text;!
Missing character: There is no ، (U+060C) in font Liberation Serif Bold/OT:scri
pt=latn;language=dflt;mapping=tex-text;!
Missing character: There is no م (U+0645) in font Liberation Serif Bold/OT:scri
pt=latn;language=dflt;mapping=tex-text;!
Missing character: There is no ب (U+0628) in font Liberation Serif Bold/OT:scri
pt=latn;language=dflt;mapping=tex-text;!
Missing character: There is no ا (U+0627) in font Liberation Serif Bold/OT:scri
pt=latn;language=dflt;mapping=tex-text;!
Missing character: There is no ن (U+0646) in font Liberation Serif Bold/OT:scri
pt=latn;language=dflt;mapping=tex-text;!
Missing character: There is no ی (U+06CC) in font Liberation Serif Bold/OT:scri
pt=latn;language=dflt;mapping=tex-text;!
Missing character: There is no ن (U+0646) in font Liberation Serif Bold/OT:scri
pt=latn;language=dflt;mapping=tex-text;!
Missing character: There is no ظ (U+0638) in font Liberation Serif Bold/OT:scri
pt=latn;language=dflt;mapping=tex-text;!
Missing character: There is no ر (U+0631) in font Liberation Serif Bold/OT:scri
pt=latn;language=dflt;mapping=tex-text;!
Missing character: There is no ی (U+06CC) in font Liberation Serif Bold/OT:scri
pt=latn;language=dflt;mapping=tex-text;!
Missing character: There is no و (U+0648) in font Liberation Serif Bold/OT:scri
pt=latn;language=dflt;mapping=tex-text;!
Missing character: There is no ت (U+062A) in font Liberation Serif Bold/OT:scri
pt=latn;language=dflt;mapping=tex-text;!
Missing character: There is no ح (U+062D) in font Liberation Serif Bold/OT:scri
pt=latn;language=dflt;mapping=tex-text;!
Missing character: There is no و (U+0648) in font Liberation Serif Bold/OT:scri
pt=latn;language=dflt;mapping=tex-text;!
Missing character: There is no ل (U+0644) in font Liberation Serif Bold/OT:scri
pt=latn;language=dflt;mapping=tex-text;!
Missing character: There is no ا (U+0627) in font Liberation Serif Bold/OT:scri
pt=latn;language=dflt;mapping=tex-text;!
Missing character: There is no ت (U+062A) in font Liberation Serif Bold/OT:scri
pt=latn;language=dflt;mapping=tex-text;!
Missing character: There is no ن (U+0646) in font Liberation Serif Bold/OT:scri
pt=latn;language=dflt;mapping=tex-text;!
Missing character: There is no و (U+0648) in font Liberation Serif Bold/OT:scri
pt=latn;language=dflt;mapping=tex-text;!
Missing character: There is no ی (U+06CC) in font Liberation Serif Bold/OT:scri
pt=latn;language=dflt;mapping=tex-text;!
Missing character: There is no ن (U+0646) in font Liberation Serif Bold/OT:scri
pt=latn;language=dflt;mapping=tex-text;!
Missing character: There is no ل (U+0644) in font Liberation Serif Bold/OT:scri
pt=latn;language=dflt;mapping=tex-text;!
Missing character: There is no ا (U+0627) in font Liberation Serif Bold/OT:scri
pt=latn;language=dflt;mapping=tex-text;!
Missing character: There is no ی (U+06CC) in font Liberation Serif Bold/OT:scri
pt=latn;language=dflt;mapping=tex-text;!
Missing character: There is no ه (U+0647) in font Liberation Serif Bold/OT:scri
pt=latn;language=dflt;mapping=tex-text;!
Missing character: There is no ه (U+0647) in font Liberation Serif Bold/OT:scri
pt=latn;language=dflt;mapping=tex-text;!
Missing character: There is no ا (U+0627) in font Liberation Serif Bold/OT:scri
pt=latn;language=dflt;mapping=tex-text;!
Missing character: There is no ی (U+06CC) in font Liberation Serif Bold/OT:scri
pt=latn;language=dflt;mapping=tex-text;!
Missing character: There is no پ (U+067E) in font Liberation Serif Bold/OT:scri
pt=latn;language=dflt;mapping=tex-text;!
Missing character: There is no ی (U+06CC) in font Liberation Serif Bold/OT:scri
pt=latn;language=dflt;mapping=tex-text;!
Missing character: There is no ش (U+0634) in font Liberation Serif Bold/OT:scri
pt=latn;language=dflt;mapping=tex-text;!
Missing character: There is no خ (U+062E) in font Liberation Serif Bold/OT:scri
pt=latn;language=dflt;mapping=tex-text;!
Missing character: There is no و (U+0648) in font Liberation Serif Bold/OT:scri
pt=latn;language=dflt;mapping=tex-text;!
Missing character: There is no ر (U+0631) in font Liberation Serif Bold/OT:scri
pt=latn;language=dflt;mapping=tex-text;!

Overfull \hbox (12.33438pt too wide) in paragraph at lines 1--2
[][][]\TU/LiberationSerif(0)/b/n/12 مرور جامع پیشینه، مبانی نظری و تحولات نوین 
لایه‌های پیش‌خور[][]
 []


Overfull \hbox (14.05856pt too wide) in paragraph at lines 6--7
[][]\TU/Vazirmatn(0)/b/n/12 عصر اول: بنیان‌گذاری (۲۰۱۷–‏۲۰۱۹): \TU/Vazirmatn(0)
/m/it/12 تثبیت فرمول‌بندی دوبخشی استاندارد، به کارگیری نرمال‌سازی[]
 []

[167]
Overfull \hbox (26.50778pt too wide) in paragraph at lines 7--8
[][]\TU/Vazirmatn(0)/b/n/12 عصر دوم: مقیاس‌پذیری و ظهور گیتینگ (۲۰۲۰–‏۲۰۲۲): \T
U/Vazirmatn(0)/m/it/12 مهاجرت همگانی به ساختار پیش‌نرمال‌سازی[]
 []


Overfull \hbox (6.03992pt too wide) in paragraph at lines 7--8
[]\TU/Vazirmatn(0)/m/it/12 ([]\TU/LiberationSerif(0)/m/n/12 Pre-LN[]\TU/Vazirma
tn(0)/m/it/12 ) به منظور تسهیل جریان گرادیان، معرفی نرمال‌سازی جذر میانگین مربع
ات ([]\TU/LiberationSerif(0)/m/n/12 RMSNorm[]\TU/Vazirmatn(0)/m/it/12 )[]
 []


Overfull \hbox (5.49997pt too wide) in paragraph at lines 9--10
[][]\TU/Vazirmatn(0)/b/n/12 عصر چهارم: واگرایی ساختاری، تخصص‌گرایی و سیستم‌های 
دینامیکی (۲۰۲۴–‏۲۰۲۶): \TU/Vazirmatn(0)/m/it/12 شکستن[]
 []


Overfull \hbox (27.0043pt too wide) in paragraph at lines 61--63
[][]\TU/Vazirmatn(0)/b/n/12 اشتقاق ریاضی برابری تعداد پارامترها ([]\TU/Liberati
onSerif(0)/b/n/12 Parameter-Matching Derivation[]\TU/Vazirmatn(0)/b/n/12 ): \TU
/Vazirmatn(0)/m/it/12 تعداد پارامترهای غیرامبدینگ[]
 []

[168]
Overfull \hbox (0.91367pt too wide) in paragraph at lines 122--123
[]\TU/Vazirmatn(0)/m/it/12 [[]] مسئله رگرسیون توکن‌های تنک ($\OML/cmm/m/it/12 q
$\TU/Vazirmatn(0)/m/it/12 -Sparse Token Regression یا $\OML/cmm/m/it/12 q[]$\TU
/Vazirmatn(0)/m/it/12 ) را بر روی پرامپت‌های[]
 []

[169]
Overfull \hbox (22.14198pt too wide) in paragraph at lines 128--130
[][]\TU/Vazirmatn(0)/b/n/12 اثبات تحلیلی کران پایین شبکه‌های تمام‌متصل ([]\TU/L
iberationSerif(0)/b/n/12 FFN Sample Complexity Lower Bound[]\TU/Vazirmatn(0)/b/
n/12 ): \TU/Vazirmatn(0)/m/it/12 Mousavi-[]
 []


Overfull \hbox (2.5131pt too wide) in paragraph at lines 136--138
[]\TU/Vazirmatn(0)/m/it/12 بنابراین، شبکه‌های پیش‌خور صرف به حداقل $\OML/cmm/m/
it/12 n \OT1/cmr/m/n/12 = 
(\OML/cmm/m/it/12 Nd\OT1/cmr/m/n/12 )$ \TU/Vazirmatn(0)/m/it/12 نمونه برای یادگ
یری نیاز دارند که نشان‌دهنده[]
 []

[170]
Overfull \hbox (0.1864pt too wide) in paragraph at lines 196--197
[][]\TU/LiberationSerif(0)/m/n/12 Score - MCS[]\TU/Vazirmatn(0)/m/it/12 ) نشان 
داد که بیش از ۴۱٪ از ویژگی‌های کشف‌شده در ترنسکودرها، دارای همبستگی[]
 []

[171]
Overfull \hbox (18.54727pt too wide) in paragraph at lines 200--201
[][] [][][]\TU/Vazirmatn(0)/b/n/12 سیستم‌های دینامیکی پیوسته و هدایت مماسی در ج
ریان پسماند ([]\TU/LiberationSerif(0)/b/n/12 Tangential Steering[]\TU/Vazirmatn
(0)/b/n/12 )[][][] \TU/Vazirmatn(0)/m/it/12 موداریسوف[]
 []

[172]
Overfull \hbox (12.85977pt too wide) in paragraph at lines 268--269
[][] [][][]\TU/Vazirmatn(0)/b/n/12 مهندسی ساختار کلان: اهمیت لایه‌ای، فشرده‌ساز
ی و معماری ساعت‌شنی[][][] \TU/Vazirmatn(0)/m/it/12 تحقیقات متأخر مفروضات[]
 []


Overfull \hbox (45.71965pt too wide) in paragraph at lines 271--272
[]\TU/Vazirmatn(0)/m/it/12 نشان دادند با حل مسئله تخصیص خطی برای جایگشت ارتونرم
ال نورون‌ها ($\OML/cmm/m/it/12 ^^Y[] \OT1/cmr/m/n/12 = [] [] [] \OML/cmm/m/it/1
2 C\OT1/cmr/m/n/12 (\OML/cmm/m/it/12 j; ^^Y\OT1/cmr/m/n/12 (\OML/cmm/m/it/12 j\
OT1/cmr/m/n/12 ))$\TU/Vazirmatn(0)/m/it/12 )[]
 []

[173]) (./models/Architecture/FeedForward/deepseek_v4.tex
Overfull \hbox (35.19962pt too wide) in paragraph at lines 4--5
[]\TU/Vazirmatn(0)/m/it/12 پیش‌خور به طور یکپارچه از ساختار متخصصان خرددانه ([]
\TU/LiberationSerif(0)/m/n/12 Fine-Grained Experts[]\TU/Vazirmatn(0)/m/it/12 ) 
بر پایه الگوی []\TU/LiberationSerif(0)/m/n/12 DeepSeekMoE[][]
 []

[174] [175]) (./models/Architecture/FeedForward/glm_5.tex [176]
Overfull \hbox (10.33633pt too wide) in paragraph at lines 20--21
[]\TU/Vazirmatn(0)/m/it/12 وزن‌های متخصصان خارج از مسیر بحرانی به تعویق می‌افتد
 ([]\TU/LiberationSerif(0)/m/n/12 Deferred Weight Gradient Computation[]\TU/Vaz
irmatn(0)/m/it/12 ).[]
 []


Overfull \hbox (2.76602pt too wide) in paragraph at lines 20--21
[]\TU/Vazirmatn(0)/m/it/12 چندمرحله‌ای ([]\TU/LiberationSerif(0)/m/n/12 AllRedu
ce[]\TU/Vazirmatn(0)/m/it/12 )، تبادل داده متخصصان را کاملاً با اجرای محاسبات ض
رب ماتریسی ([]\TU/LiberationSerif(0)/m/n/12 GEMM[]\TU/Vazirmatn(0)/m/it/12 )[]
 []

) (./models/Architecture/FeedForward/kimi_k3.tex [177]
Overfull \hbox (15.4672pt too wide) in paragraph at lines 12--13
[][] [][][]\TU/Vazirmatn(0)/b/n/12 فرمولاسیون ریاضی لایه پیش‌خور نهفته نرمال‌شد
ه ([]\TU/LiberationSerif(0)/b/n/12 Normalized LatentMoE[]\TU/Vazirmatn(0)/b/n/1
2 )[][][] \TU/Vazirmatn(0)/m/it/12 خروجی لایه پیش‌خور[]
 []


Overfull \hbox (0.63899pt too wide) in paragraph at lines 15--17
[]\TU/Vazirmatn(0)/m/it/12 تلفیقی $\OML/cmm/m/it/12 u$ \TU/Vazirmatn(0)/m/it/12
 مانع از انتشار نوسانات مقیاس در زنجیره ۴ ضرب ماتریسی پی‌درپی شده و پایداری بهی
نه‌سازی[]
 []


Overfull \hbox (5.75687pt too wide) in paragraph at lines 25--27
[][]\TU/Vazirmatn(0)/b/n/12 اثبات کران‌داری مطلق خروجی: \TU/Vazirmatn(0)/m/it/1
2 چون برای هر $\OML/cmm/m/it/12 z \OMS/cmsy/m/n/12 2 \U/msb/m/n/12 R$ \TU/Vazir
matn(0)/m/it/12 روابط $\OMS/cmsy/m/n/12 j []\OT1/cmr/m/n/12 (\OML/cmm/m/it/12 z
\OT1/cmr/m/n/12 )\OMS/cmsy/m/n/12 j \OML/cmm/m/it/12 < \OT1/cmr/m/n/12 1$ \TU/V
azirmatn(0)/m/it/12 و $\OT1/cmr/m/n/12 0 \OML/cmm/m/it/12 < []\OT1/cmr/m/n/12 (
\OML/cmm/m/it/12 z\OT1/cmr/m/n/12 ) \OML/cmm/m/it/12 <$[]
 []

[178]
Overfull \hbox (3.96265pt too wide) in paragraph at lines 45--47
[]\TU/Vazirmatn(0)/m/it/12 می‌گیرد. تخمین توزیع‌شده این کوانتایل از طریق هیستوگ
رام‌های محلی ۱۰۰۰ سطلی با تبادل []\TU/LiberationSerif(0)/m/n/12 AllReduce[][]
 []


Overfull \hbox (7.8591pt too wide) in paragraph at lines 49--50
[][] [][][]\TU/Vazirmatn(0)/b/n/12 سیستم موازی‌سازی []\TU/LiberationSerif(0)/b/
n/12 MoonEP[][][][] \TU/Vazirmatn(0)/m/it/12 در این سیستم برای هر رنک محاسباتی 
$\OML/cmm/m/it/12 R$\TU/Vazirmatn(0)/m/it/12 ، سقف تخصیص متخصصان[]
 []

) (./models/Architecture/FeedForward/magistral.tex [179])
(./models/Architecture/FeedForward/minimax_m2.tex [180]
Overfull \hbox (2.03165pt too wide) in paragraph at lines 19--20
[][] [][][]\TU/Vazirmatn(0)/b/n/12 ادغام درخت پیشوند در آموزش پیش‌خور ([]\TU/Li
berationSerif(0)/b/n/12 Prefix Tree Merging[]\TU/Vazirmatn(0)/b/n/12 )[][][] \T
U/Vazirmatn(0)/m/it/12 در سناریوهای آموزش عامل‌محور[]
 []


Overfull \hbox (5.7836pt too wide) in paragraph at lines 19--20
[]\TU/Vazirmatn(0)/m/it/12 متخصصان محاسبه شده و سپس شاخه‌بندی می‌شود؛ این رهیاف
ت شتاب محاسباتی لایه‌های پیش‌خور[]
 []

) (./models/Architecture/FeedForward/mobilellm_pro.tex [181])
(./models/Architecture/FeedForward/nemotron_3.tex
Overfull \hbox (19.54922pt too wide) in paragraph at lines 7--8
[][] [][][]\TU/Vazirmatn(0)/b/n/12 معماری سخت‌افزار-آگاه []\TU/LiberationSerif(
0)/b/n/12 LatentMoE[][][][] \TU/Vazirmatn(0)/m/it/12 در پردازش حجم بالای توکن‌ه
ا، گلوگاه تبادل داده بین متخصصان[]
 []

[182]) (./models/Architecture/FeedForward/qwen_3.tex [183])
(./models/Architecture/FeedForward/olmo_3.tex)
(./models/Architecture/ActivationFunction/literature_review.tex [184]
Overfull \hbox (3.13474pt too wide) in paragraph at lines 15--16
[][]\TU/Vazirmatn(0)/b/n/12 دوره توابع خطی تکه‌ای ([]\TU/LiberationSerif(0)/b/n
/12 Piecewise-Linear[]\TU/Vazirmatn(0)/b/n/12 ): \TU/Vazirmatn(0)/m/it/12 ترنسف
ورمر اولیه از واحد خطی اصلاح‌شده ([]\TU/LiberationSerif(0)/m/n/12 ReLU[]\TU/Vaz
irmatn(0)/m/it/12 )[]
 []

[185]
Overfull \hbox (5.63953pt too wide) in paragraph at lines 18--20
[]\TU/Vazirmatn(0)/m/it/12 مزیت اصلی []\TU/LiberationSerif(0)/m/n/12 ReLU[] \TU
/Vazirmatn(0)/m/it/12 سادگی محاسباتی و صفر شدن مشتق در ناحیه منفی است که تنکی ف
عال‌سازی[]
 []

[186]
Overfull \hbox (6.99297pt too wide) in paragraph at lines 68--69
[]\TU/Vazirmatn(0)/m/it/12 کسینوسی میان بردارهای وزن ورودی خطی ($\OML/cmm/m/it/
12 w[]$\TU/Vazirmatn(0)/m/it/12 )، وزن گیت ($\OML/cmm/m/it/12 w[]$\TU/Vazirmatn
(0)/m/it/12 ) و وزن خروجی ($\OML/cmm/m/it/12 w[]$\TU/Vazirmatn(0)/m/it/12 ) در 
فعال‌ساز‌های[]
 []

[187]
Overfull \hbox (4.73132pt too wide) in paragraph at lines 118--119
[][]\TU/Vazirmatn(0)/b/n/12 ترکیب چندجمله‌ای فعال‌ساز‌ها ([]\TU/LiberationSerif
(0)/b/n/12 PolyCom[]\TU/Vazirmatn(0)/b/n/12 ): \TU/Vazirmatn(0)/m/it/12 ژو و هم
کاران [[]] با ارائه []\TU/LiberationSerif(0)/m/n/12 PolyReLU[] \TU/Vazirmatn(0)
/m/it/12 و []\TU/LiberationSerif(0)/m/n/12 PolyNorm[][]
 []

[188] [189]) (./models/Architecture/ActivationFunction/deepseek_v4.tex [190])
(./models/Architecture/ActivationFunction/glm_5.tex [191] [192])
(./models/Architecture/ActivationFunction/kimi_k3.tex [193] [194])
(./models/Architecture/ActivationFunction/magistral.tex)
(./models/Architecture/ActivationFunction/minimax_m2.tex [195] [196])
(./models/Architecture/ActivationFunction/mobilellm_pro.tex [197]
Overfull \hbox (3.42714pt too wide) in paragraph at lines 16--17
[][] [][][]\TU/Vazirmatn(0)/b/n/12 کوانتایزیشن آگاه از آموزش ([]\TU/LiberationS
erif(0)/b/n/12 4-bit QAT[]\TU/Vazirmatn(0)/b/n/12 ) و رفتار فعال‌ساز[][][] \TU/
Vazirmatn(0)/m/it/12 جهت رفع افت شدید ناشی از کوانتایزیشن[]
 []


Overfull \hbox (2.75974pt too wide) in paragraph at lines 18--19
[][]\TU/Vazirmatn(0)/m/it/12 برای []\TU/LiberationSerif(0)/m/n/12 CPU[]\TU/Vazi
rmatn(0)/m/it/12 : کوانتایزیشن نامتقارن پویا در سطح توکن ([]\TU/LiberationSerif
(0)/m/n/12 Per-token dynamic INT8[]\TU/Vazirmatn(0)/m/it/12 ) برای تانسورهای[]
 []


Overfull \hbox (18.2363pt too wide) in paragraph at lines 22--23
[][]\TU/Vazirmatn(0)/m/it/12 برای []\TU/LiberationSerif(0)/m/n/12 NPU[]\TU/Vazi
rmatn(0)/m/it/12 : از بازه‌های کوانتایزیشن یادگیرنده کانالی ([]\TU/LiberationSe
rif(0)/m/n/12 Learnable Quantization Ranges[]\TU/Vazirmatn(0)/m/it/12 ) با به‌ر
وزرسانی[]
 []

) (./models/Architecture/ActivationFunction/nemotron_3.tex [198])
(./models/Architecture/ActivationFunction/qwen_3.tex
Overfull \hbox (9.15842pt too wide) in paragraph at lines 4--5
[]\TU/Vazirmatn(0)/m/it/12 نگارش‌های مبتنی بر متخصصان تنک (نظیر []\TU/Liberatio
nSerif(0)/m/n/12 Qwen3-235B-A22B[]\TU/Vazirmatn(0)/m/it/12 ) بر پایه فعال‌ساز [
]\TU/LiberationSerif(0)/m/n/12 SwiGLU[] \TU/Vazirmatn(0)/m/it/12 بهینه‌سازی[]
 []

[199]) (./models/Architecture/ActivationFunction/olmo_3.tex [200])
(./models/Architecture/Normalization/literature_review.tex [201]
Overfull \hbox (13.67966pt too wide) in paragraph at lines 12--13
[]\TU/Vazirmatn(0)/b/n/12 ۲۰۲۶): \TU/Vazirmatn(0)/m/it/12 افشای پدیده‌های مخربی
 نظیر «نفرین عمق» ([]\TU/LiberationSerif(0)/m/n/12 Curse of Depth[]\TU/Vazirmat
n(0)/m/it/12 ) [[]، []] و فعال‌سازهای[]
 []


Underfull \hbox (badness 1014) in paragraph at lines 43--43
 [][]$\OMS/cmsy/m/n/10 ^^O$ \TU/Vazirmatn(0)/m/n/10 ظهور []\TU/LiberationSerif(
0)/m/n/10 Pre-[][]
 []


Underfull \hbox (badness 2197) in paragraph at lines 43--43
 [][]\TU/LiberationSerif(0)/b/n/10 LLaMA[][]
 []


Underfull \hbox (badness 4084) in paragraph at lines 43--43
 []\TU/Vazirmatn(0)/m/n/10 مطلق[]
 []


Underfull \hbox (badness 1072) in paragraph at lines 43--43
 []\TU/Vazirmatn(0)/m/n/10 عمق ([]\TU/LiberationSerif(0)/m/n/10 CoD[]\TU/Vazirm
atn(0)/m/n/10 )[]
 []

[202] [203]
Overfull \hbox (15.85196pt too wide) in paragraph at lines 96--97
[][] [][][]\TU/Vazirmatn(0)/b/n/12 تحلیل پایداری عددی و خطای پیشرو در محاسبات د
قت ترکیبی ([]\TU/LiberationSerif(0)/b/n/12 Mixed-Precision[]\TU/Vazirmatn(0)/b/
n/12 ) [[]][][][] \TU/Vazirmatn(0)/m/it/12 بودزینسکی[]
 []

[204]
Overfull \hbox (0.10422pt too wide) in paragraph at lines 173--174
[][] [][][]\TU/Vazirmatn(0)/b/n/12 نرمال‌سازی درون‌توجهی: تثبیت آنتروپی با []\T
U/LiberationSerif(0)/b/n/12 QK-Norm[] \TU/Vazirmatn(0)/b/n/12 و بسط به نُرم $\O
ML/cmm/m/it/12 `[]$[][][] \TU/Vazirmatn(0)/m/it/12 تثبیت ضرب داخلی ماتریس[]
 []

[205] [206]
Overfull \hbox (10.61716pt too wide) in paragraph at lines 209--210
[][]\TU/Vazirmatn(0)/b/n/12 معماری دوجریانی []\TU/LiberationSerif(0)/b/n/12 Sia
meseNorm[] \TU/Vazirmatn(0)/b/n/12 [[]]: \TU/Vazirmatn(0)/m/it/12 ایجاد دو جریا
ن همگام جفت‌شده؛ یک جریان باقیمانده[]
 []


Overfull \hbox (10.4238pt too wide) in paragraph at lines 229--230
[]\TU/Vazirmatn(0)/m/it/12 دادند که می‌توان با تبدیل لایه‌نرمال به یک نگاشت خطی
 در فاز فاین‌تیونینگ ([]\TU/LiberationSerif(0)/m/n/12 FakeLN[]\TU/Vazirmatn(0)/
m/it/12 )، نرمال‌سازی[]
 []

[207]
Overfull \hbox (19.67227pt too wide) in paragraph at lines 235--236
[][] [][][]\TU/Vazirmatn(0)/b/n/12 دیاگرام‌های ساختاری معماری‌های نوین ترنسفورم
ر[][][] \TU/Vazirmatn(0)/m/it/12 در شکل‌های زیر، ساختار جریان داده در معماری‌ها
ی[]
 []


Overfull \hbox (7.57266pt too wide) in paragraph at lines 361--362
[][] [][][]\TU/Vazirmatn(0)/b/n/12 جدول مقایسه جامع و تاکسونومی پارادایم‌های نر
مال‌سازی[][][] \TU/Vazirmatn(0)/m/it/12 جدول زیر خلاصه مقایسه‌ای از ویژگی‌های[]

 []


Overfull \hbox (4.22696pt too wide) in paragraph at lines 389--390
[][] [][][]\TU/Vazirmatn(0)/b/n/12 جمع‌بندی و افق‌های فراروی پژوهش[][][] \TU/Va
zirmatn(0)/m/it/12 تحولات رخ‌داده در حوزه نرمال‌سازی ترنسفورمرها نشان می‌دهد[]
 []


Overfull \hbox (9.91794pt too wide) in paragraph at lines 392--393
[]\TU/Vazirmatn(0)/m/it/12 واقعی گشوده است که با حذف کامل نیاز به محاسبه آمارها
ی دسته‌ای و کانالی، گلوگاه همگام‌سازی[]
 []

[208]) (./models/Architecture/Normalization/deepseek_v4.tex
Overfull \hbox (10.23573pt too wide) in paragraph at lines 7--8
[][] [][][]\TU/Vazirmatn(0)/b/n/12 اتصالات فوق‌پیوسته مقید به منیفولد ([]\TU/Li
berationSerif(0)/b/n/12 mHC[]\TU/Vazirmatn(0)/b/n/12 ) و تحدید منیفولد بیرکهوف[
][][] \TU/Vazirmatn(0)/m/it/12 یکی از بزرگ‌ترین چالش‌های[]
 []

[209]
Overfull \hbox (1.75362pt too wide) in paragraph at lines 22--23
[][]\TU/Vazirmatn(0)/m/it/12 به منظور تثبیت دینامیک پس‌انتشار، ماتریس انتقال با
قی‌مانده $\OML/cmm/m/it/12 B[] \OMS/cmsy/m/n/12 2 \U/msb/m/n/12 R[]$ \TU/Vazirm
atn(0)/m/it/12 به منیفولد ماتریس‌های[]
 []

[210]
Overfull \hbox (4.45064pt too wide) in paragraph at lines 64--65
[]\TU/Vazirmatn(0)/m/it/12 توکن‌های نخستین در توالی‌های بسیار طولانی، یک لاجیت 
چاهک یادگیری‌پذیر $\OML/cmm/m/it/12 z[]$ \TU/Vazirmatn(0)/m/it/12 به مخرج سافت‌
مکس[]
 []


Package pgf Warning: Returning node center instead of a point on node border. D
id you specify a point identical to the center of node ``sink''? on input line 
92.

) (./models/Architecture/Normalization/glm_5.tex [211]
Overfull \hbox (7.55249pt too wide) in paragraph at lines 19--20
[]\TU/Vazirmatn(0)/m/it/12 ویژه میان هدهای مختلف می‌شد. این پدیده موجب می‌شد هد
هایی با گرادیان بزرگ‌تر جهت به‌روزرسانی[]
 []


Overfull \hbox (11.97696pt too wide) in paragraph at lines 32--33
[]\TU/Vazirmatn(0)/m/it/12 نسبت عدم انطباق آموزش و استنتاج ([]\TU/LiberationSer
if(0)/m/n/12 Training-Inference Mismatch Ratio[]\TU/Vazirmatn(0)/m/it/12 ) به ک
مک یک بازه نرمال‌سازی[]
 []

[212]) (./models/Architecture/Normalization/kimi_k3.tex [213])
(./models/Architecture/Normalization/magistral.tex
Overfull \hbox (10.40079pt too wide) in paragraph at lines 4--5
[][] [][][]\TU/Vazirmatn(0)/b/n/12 مقدمه و راهبرد آموزش بدون تقطیر در []\TU/Lib
erationSerif(0)/b/n/12 Magistral[][][][] \TU/Vazirmatn(0)/m/it/12 مدل‌های خانوا
ده []\TU/LiberationSerif(0)/b/n/12 Magistral[] \TU/Vazirmatn(0)/m/it/12 [[]] شا
مل نسخه‌های[]
 []

[214] [215]) (./models/Architecture/Normalization/minimax_m2.tex
Overfull \hbox (5.93204pt too wide) in paragraph at lines 7--8
[][] [][][]\TU/Vazirmatn(0)/b/n/12 پیش‌نرمال‌سازی با []\TU/LiberationSerif(0)/b
/n/12 RMSNorm[] \TU/Vazirmatn(0)/b/n/12 در لایه‌های مدل اصلی[][][] \TU/Vazirmat
n(0)/m/it/12 در سراسر ۶۲ لایه ترنسفورمر، پیش‌نرمال‌سازی[]
 []


Overfull \hbox (7.71939pt too wide) in paragraph at lines 11--13
[]\TU/Vazirmatn(0)/m/it/12 در بخش خودتوجهی از ۴۸ سر کوئری و ۸ سر کلید-مقدار ([]
\TU/LiberationSerif(0)/m/n/12 GQA[]\TU/Vazirmatn(0)/m/it/12 ) بهره‌برداری می‌شو
د. عملگر []\TU/LiberationSerif(0)/m/n/12 RMSNorm[][]
 []

[216]) (./models/Architecture/Normalization/mobilellm_pro.tex
Overfull \hbox (10.87735pt too wide) in paragraph at lines 17--18
[][] [][][]\TU/Vazirmatn(0)/b/n/12 نرمال‌سازی در ساختار ترکیبی توجه محلی-سراسری
 ([]\TU/LiberationSerif(0)/b/n/12 Local-Global Attention[]\TU/Vazirmatn(0)/b/n/
12 )[][][] \TU/Vazirmatn(0)/m/it/12 در این مدل، لایه‌های[]
 []

[217]) (./models/Architecture/Normalization/nemotron_3.tex [218]
Overfull \hbox (16.45547pt too wide) in paragraph at lines 10--11
[][] [][][]\TU/Vazirmatn(0)/b/n/12 نرمال‌سازی ابعادی در []\TU/LiberationSerif(0
)/b/n/12 LatentMoE[][][][] \TU/Vazirmatn(0)/m/it/12 در مدل‌های []\TU/Liberation
Serif(0)/m/n/12 Super[] \TU/Vazirmatn(0)/m/it/12 و []\TU/LiberationSerif(0)/m/n
/12 Ultra[]\TU/Vazirmatn(0)/m/it/12 ، ساختار کارشناسان نهفته ([]\TU/LiberationS
erif(0)/m/n/12 LatentMoE[]\TU/Vazirmatn(0)/m/it/12 )[]
 []

) (./models/Architecture/Normalization/qwen_3.tex [219]
Overfull \hbox (10.30704pt too wide) in paragraph at lines 14--15
[][] [][][]\TU/Vazirmatn(0)/b/n/12 مکانیزم []\TU/LiberationSerif(0)/b/n/12 QK-N
orm[] \TU/Vazirmatn(0)/b/n/12 و مهار ریاضی فروپاشی آنتروپی توجه[][][] \TU/Vazir
matn(0)/m/it/12 مهم‌ترین ارتقای معماری در بلوک ترنسفورمر[]
 []


Overfull \hbox (21.36368pt too wide) in paragraph at lines 26--28
[]\TU/Vazirmatn(0)/m/it/12 بنابراین، مقدار قدر مطلق لاجیت‌های توجه بر اساس نابر
ابری کوشی-شوارتز ([]\TU/LiberationSerif(0)/m/n/12 Cauchy-Schwarz Inequality[]\T
U/Vazirmatn(0)/m/it/12 )[]
 []

) (./models/Architecture/Normalization/olmo_3.tex [220]
Overfull \hbox (20.42618pt too wide) in paragraph at lines 7--8
[][] [][][]\TU/Vazirmatn(0)/b/n/12 پیکربندی []\TU/LiberationSerif(0)/b/n/12 Pre
-RMSNorm[] \TU/Vazirmatn(0)/b/n/12 و نرمال‌سازی خروجی نهایی[][][] \TU/Vazirmatn
(0)/m/it/12 مدل []\TU/LiberationSerif(0)/b/n/12 OLMo 3[] \TU/Vazirmatn(0)/m/it/
12 از پیش‌نرمال‌سازی با []\TU/LiberationSerif(0)/m/n/12 RMSNorm[][]
 []


Overfull \hbox (16.8793pt too wide) in paragraph at lines 14--15
[][] [][][]\TU/Vazirmatn(0)/b/n/12 تلفات تنظیم لاجیت‌ها ([]\TU/LiberationSerif(
0)/b/n/12 Logit Z-Loss Normalization[]\TU/Vazirmatn(0)/b/n/12 )[][][] \TU/Vazir
matn(0)/m/it/12 یکی از نوآوری‌های مهم در پایداری پیش‌آموزش[]
 []

[221]) (./models/Architecture/Attention/literature_review.tex
Missing character: There is no م (U+0645) in font Liberation Serif Bold/OT:scri
pt=latn;language=dflt;mapping=tex-text;!
Missing character: There is no ر (U+0631) in font Liberation Serif Bold/OT:scri
pt=latn;language=dflt;mapping=tex-text;!
Missing character: There is no و (U+0648) in font Liberation Serif Bold/OT:scri
pt=latn;language=dflt;mapping=tex-text;!
Missing character: There is no ر (U+0631) in font Liberation Serif Bold/OT:scri
pt=latn;language=dflt;mapping=tex-text;!
Missing character: There is no ا (U+0627) in font Liberation Serif Bold/OT:scri
pt=latn;language=dflt;mapping=tex-text;!
Missing character: There is no د (U+062F) in font Liberation Serif Bold/OT:scri
pt=latn;language=dflt;mapping=tex-text;!
Missing character: There is no ب (U+0628) in font Liberation Serif Bold/OT:scri
pt=latn;language=dflt;mapping=tex-text;!
Missing character: There is no ی (U+06CC) in font Liberation Serif Bold/OT:scri
pt=latn;language=dflt;mapping=tex-text;!
Missing character: There is no ا (U+0627) in font Liberation Serif Bold/OT:scri
pt=latn;language=dflt;mapping=tex-text;!
Missing character: There is no ت (U+062A) in font Liberation Serif Bold/OT:scri
pt=latn;language=dflt;mapping=tex-text;!
Missing character: There is no ج (U+062C) in font Liberation Serif Bold/OT:scri
pt=latn;language=dflt;mapping=tex-text;!
Missing character: There is no ا (U+0627) in font Liberation Serif Bold/OT:scri
pt=latn;language=dflt;mapping=tex-text;!
Missing character: There is no م (U+0645) in font Liberation Serif Bold/OT:scri
pt=latn;language=dflt;mapping=tex-text;!
Missing character: There is no ع (U+0639) in font Liberation Serif Bold/OT:scri
pt=latn;language=dflt;mapping=tex-text;!
Missing character: There is no و (U+0648) in font Liberation Serif Bold/OT:scri
pt=latn;language=dflt;mapping=tex-text;!
Missing character: There is no س (U+0633) in font Liberation Serif Bold/OT:scri
pt=latn;language=dflt;mapping=tex-text;!
Missing character: There is no ی (U+06CC) in font Liberation Serif Bold/OT:scri
pt=latn;language=dflt;mapping=tex-text;!
Missing character: There is no ر (U+0631) in font Liberation Serif Bold/OT:scri
pt=latn;language=dflt;mapping=tex-text;!
Missing character: There is no ت (U+062A) in font Liberation Serif Bold/OT:scri
pt=latn;language=dflt;mapping=tex-text;!
Missing character: There is no ح (U+062D) in font Liberation Serif Bold/OT:scri
pt=latn;language=dflt;mapping=tex-text;!
Missing character: There is no و (U+0648) in font Liberation Serif Bold/OT:scri
pt=latn;language=dflt;mapping=tex-text;!
Missing character: There is no ل (U+0644) in font Liberation Serif Bold/OT:scri
pt=latn;language=dflt;mapping=tex-text;!
Missing character: There is no س (U+0633) in font Liberation Serif Bold/OT:scri
pt=latn;language=dflt;mapping=tex-text;!
Missing character: There is no ا (U+0627) in font Liberation Serif Bold/OT:scri
pt=latn;language=dflt;mapping=tex-text;!
Missing character: There is no ز (U+0632) in font Liberation Serif Bold/OT:scri
pt=latn;language=dflt;mapping=tex-text;!
Missing character: There is no و (U+0648) in font Liberation Serif Bold/OT:scri
pt=latn;language=dflt;mapping=tex-text;!
Missing character: There is no ک (U+06A9) in font Liberation Serif Bold/OT:scri
pt=latn;language=dflt;mapping=tex-text;!
Missing character: There is no ا (U+0627) in font Liberation Serif Bold/OT:scri
pt=latn;language=dflt;mapping=tex-text;!
Missing character: There is no ر (U+0631) in font Liberation Serif Bold/OT:scri
pt=latn;language=dflt;mapping=tex-text;!
Missing character: There is no ه (U+0647) in font Liberation Serif Bold/OT:scri
pt=latn;language=dflt;mapping=tex-text;!
Missing character: There is no ا (U+0627) in font Liberation Serif Bold/OT:scri
pt=latn;language=dflt;mapping=tex-text;!
Missing character: There is no ی (U+06CC) in font Liberation Serif Bold/OT:scri
pt=latn;language=dflt;mapping=tex-text;!
Missing character: There is no ت (U+062A) in font Liberation Serif Bold/OT:scri
pt=latn;language=dflt;mapping=tex-text;!
Missing character: There is no و (U+0648) in font Liberation Serif Bold/OT:scri
pt=latn;language=dflt;mapping=tex-text;!
Missing character: There is no ج (U+062C) in font Liberation Serif Bold/OT:scri
pt=latn;language=dflt;mapping=tex-text;!
Missing character: There is no ه (U+0647) in font Liberation Serif Bold/OT:scri
pt=latn;language=dflt;mapping=tex-text;!
[222] [223]
Overfull \hbox (8.6547pt too wide) in paragraph at lines 61--62
[][] [][][]\TU/Vazirmatn(0)/b/n/12 اثبات هم‌وردایی جایگشتی ([]\TU/LiberationSer
if(0)/b/n/12 Permutation Equivariance[]\TU/Vazirmatn(0)/b/n/12 )[][][] \TU/Vazi
rmatn(0)/m/it/12 یک ویژگی اساسی خود-توجهی استاندارد،[]
 []

[224]
Overfull \hbox (15.5541pt too wide) in paragraph at lines 201--202
[][] [][][]\TU/Vazirmatn(0)/b/n/12 منطق زمانی خطی ([]\TU/LiberationSerif(0)/b/n
/12 LTL[]\TU/Vazirmatn(0)/b/n/12 ) و تمایز توجه سراسری و محلی[][][] \TU/Vazirma
tn(0)/m/it/12 لی و کاترل [[]] با نگاشت رفتار ترنسفورمرهای[]
 []

[225]
Overfull \hbox (12.5146pt too wide) in paragraph at lines 205--206
[][]\TU/Vazirmatn(0)/b/n/12 عدم قیاس‌پذیری و خاصیت مکمل: $\OML/cmm/m/it/12 LTL\
OT1/cmr/m/n/12 [\OML/cmm/m/it/12 P\OT1/cmr/m/n/12 ]$ \TU/Vazirmatn(0)/m/it/12 و
 $\OML/cmm/m/it/12 LTL\OT1/cmr/m/n/12 [\OML/cmm/m/it/12 Y\OT1/cmr/m/n/12 ]$ \TU
/Vazirmatn(0)/m/it/12 ناسازگارند و هیچ‌یک دیگری را نمی‌پوشاند؛[]
 []

[226]
Overfull \hbox (5.64297pt too wide) in paragraph at lines 265--266
[][] [][][]\TU/Vazirmatn(0)/b/n/12 دسته‌بندی و مقایسه جامع پارادایم‌های توجه کا
رآمد ([]\TU/LiberationSerif(0)/b/n/12 Efficient Attention[]\TU/Vazirmatn(0)/b/n
/12 )[][][] \TU/Vazirmatn(0)/m/it/12 در جدول [][][][][][]۸۰[][][][][][]، ویژگی‌
های[]
 []

[227]
Overfull \hbox (44.13278pt too wide) in paragraph at lines 307--308
[][]\TU/Vazirmatn(0)/b/n/12 هدایت ([]\TU/LiberationSerif(0)/b/n/12 Steering[]\T
U/Vazirmatn(0)/b/n/12 ): \TU/Vazirmatn(0)/m/it/12 دستکاری کنترل‌شده خروجی‌ها از
 طریق دستکاری دامنه ([]\TU/LiberationSerif(0)/m/n/12 Amplitude Manipulation[]\T
U/Vazirmatn(0)/m/it/12 )،[]
 []

[228]) (./models/Architecture/Attention/deepseek_v4.tex
Overfull \hbox (12.6pt too wide) in paragraph at lines 4--5
[][] [][][]\TU/Vazirmatn(0)/b/n/12 مقدمه و تحلیل معضلات پیچیدگی توجه در بافت‌ها
ی میلیونی[][][] \TU/Vazirmatn(0)/m/it/12 مدل‌های پیشرفته خانواده []\TU/Liberati
onSerif(0)/b/n/12 DeepSeek-[][]
 []

[229] [230]
Overfull \hbox (13.82745pt too wide) in paragraph at lines 84--85
[][] [][][]\TU/Vazirmatn(0)/b/n/12 سازوکار توجه شدیداً فشرده ([]\TU/LiberationS
erif(0)/b/n/12 Heavily Compressed Attention - HCA[]\TU/Vazirmatn(0)/b/n/12 )[][
][] \TU/Vazirmatn(0)/m/it/12 لایه‌های []\TU/LiberationSerif(0)/m/n/12 HCA[] \TU
/Vazirmatn(0)/m/it/12 برای پشتیبانی[]
 []


Overfull \hbox (10.98825pt too wide) in paragraph at lines 97--98
[]\TU/Vazirmatn(0)/m/it/12 هدهای پرسمان و بردار فشرده کلید-ارزش توسط عملگر []\T
U/LiberationSerif(0)/m/n/12 RMSNorm[] \TU/Vazirmatn(0)/m/it/12 نرمال می‌شوند تا
 از جهش‌های[]
 []


Overfull \hbox (12.31442pt too wide) in paragraph at lines 100--101
[][]\TU/Vazirmatn(0)/b/n/12 چاهک توجه یادگیری‌پذیر ([]\TU/LiberationSerif(0)/b/
n/12 Attention Sink[]\TU/Vazirmatn(0)/b/n/12 ): \TU/Vazirmatn(0)/m/it/12 برای ج
لوگیری از الزام مجموع احتمالات سافت‌مکس[]
 []


Overfull \hbox (1.3799pt too wide) in paragraph at lines 100--101
[]\TU/Vazirmatn(0)/m/it/12 به عدد یک در زمان نامرتبط بودن پرسمان با گذشته، ضریب
 یادگیری‌پذیر $\OML/cmm/m/it/12 z[]$ \TU/Vazirmatn(0)/m/it/12 در مخرج سافت‌مکس[
]
 []

[231]
Overfull \hbox (5.40231pt too wide) in paragraph at lines 113--114
[]\TU/Vazirmatn(0)/m/it/12 پرسرعت []\TU/LiberationSerif(0)/m/n/12 NVMe[] \TU/Va
zirmatn(0)/m/it/12 منتقل شده و لایه‌های پنجره لغزان با راهبرد «محاسبه مجدد در ص
ورت فراخوانی»[]
 []

) (./models/Architecture/Attention/glm_5.tex
Overfull \hbox (19.66989pt too wide) in paragraph at lines 42--43
[][]\TU/Vazirmatn(0)/b/n/12 راهبرد پیش‌آموزش ادامه‌دار دو مرحله‌ای ([]\TU/Liber
ationSerif(0)/b/n/12 Continued Pre-Training[]\TU/Vazirmatn(0)/b/n/12 ): \TU/Vaz
irmatn(0)/m/it/12 برای پیشگیری از هزینه‌های[]
 []

[232]
Overfull \hbox (5.49738pt too wide) in paragraph at lines 53--55
[][]\TU/Vazirmatn(0)/m/it/12 تیم []\TU/LiberationSerif(0)/b/n/12 GLM-5[] \TU/Va
zirmatn(0)/m/it/12 روش []\TU/LiberationSerif(0)/m/n/12 Muon Split[] \TU/Vazirma
tn(0)/m/it/12 را ابداع نمود: به جای اعمال تجزیه مقادیر منفرد ([]\TU/LiberationS
erif(0)/m/n/12 SVD[]\TU/Vazirmatn(0)/m/it/12 ) و ارتوگونال‌سازی[]
 []

[233]) (./models/Architecture/Attention/kimi_k3.tex
Overfull \hbox (1.07681pt too wide) in paragraph at lines 80--1
[]\TU/Vazirmatn(0)/m/it/12 می‌گردند. برای حل این مشکل، در هسته محاسباتی نمایه‌س
از []\TU/LiberationSerif(0)/m/n/12 DSA[] \TU/Vazirmatn(0)/m/it/12 منحصراً از عم
لگر قطعی []\TU/LiberationSerif(0)/m/n/12 torch.topk[][]
 []

[234] [235]
Overfull \hbox (2.42227pt too wide) in paragraph at lines 83--84
[][] [][][]\TU/Vazirmatn(0)/b/n/12 رزیدوال‌های توجه در عمق شبکه ([]\TU/Liberati
onSerif(0)/b/n/12 Block Attention Residuals - AttnRes[]\TU/Vazirmatn(0)/b/n/12 
)[][][] []\TU/LiberationSerif(0)/b/n/12 Kimi K3[] \TU/Vazirmatn(0)/m/it/12 پیون
د پسماند[]
 []

) (./models/Architecture/Attention/magistral.tex
Overfull \hbox (3.96027pt too wide) in paragraph at lines 4--5
[]\TU/Vazirmatn(0)/m/it/12 الگوریتم بهینه‌سازی سیاست نسبی گروهی ([]\TU/Liberati
onSerif(0)/m/n/12 GRPO[]\TU/Vazirmatn(0)/m/it/12 ) بدون هرگونه اتکا به داده‌های
 تقطیرشده مدل‌های[]
 []

[236]
Overfull \hbox (3.23267pt too wide) in paragraph at lines 52--53
[][]\TU/Vazirmatn(0)/m/it/12 تعداد درخواست‌های هم‌زمان در حال اجرا ($\OML/cmm/m
/it/12 n[]$\TU/Vazirmatn(0)/m/it/12 )، اندازه دسته جامع ($\OML/cmm/m/it/12 n[]$
\TU/Vazirmatn(0)/m/it/12 ) و اندازه مینی‌دسته[]
 []

) (./models/Architecture/Attention/minimax_m2.tex [237])
(./models/Architecture/Attention/mobilellm_pro.tex
Overfull \hbox (2.9662pt too wide) in paragraph at lines 59--1
[][] [][][]\TU/Vazirmatn(0)/b/n/12 استخر سراسری سطح سوم کش ([]\TU/LiberationSer
if(0)/b/n/12 Global L3 KV Cache Pool[]\TU/Vazirmatn(0)/b/n/12 )[][][] \TU/Vazir
matn(0)/m/it/12 در سرویس‌دهی آنلاین به عامل‌های[]
 []

[238]
Overfull \hbox (10.19571pt too wide) in paragraph at lines 50--51
[][] [][][]\TU/Vazirmatn(0)/b/n/12 تقطیر موقعیتی ضمنی ([]\TU/LiberationSerif(0)
/b/n/12 Implicit Positional Distillation[]\TU/Vazirmatn(0)/b/n/12 )[][][] \TU/V
azirmatn(0)/m/it/12 معضل بنیادین مدل‌های ۱ میلیارد پارامتری[]
 []

[239]) (./models/Architecture/Attention/nemotron_3.tex [240]
Overfull \hbox (1.0614pt too wide) in paragraph at lines 48--49
[][]\TU/Vazirmatn(0)/m/it/12 امبدینگ‌های موقعیتی صریح نظیر []\TU/LiberationSeri
f(0)/m/n/12 RoPE[] \TU/Vazirmatn(0)/m/it/12 در زمان برون‌یابی به بافت‌های بالات
ر از افق پیش‌آموزش[]
 []

) (./models/Architecture/Attention/qwen_3.tex
Overfull \hbox (8.67618pt too wide) in paragraph at lines 36--37
[][] [][][]\TU/Vazirmatn(0)/b/n/12 پایدارسازی هدهای توجه از طریق []\TU/Liberati
onSerif(0)/b/n/12 QK-Norm[] \TU/Vazirmatn(0)/b/n/12 و حذف بایاس[][][] \TU/Vazir
matn(0)/m/it/12 برخلاف سری []\TU/LiberationSerif(0)/m/n/12 Qwen2[] \TU/Vazirmat
n(0)/m/it/12 که در ماتریس‌های[]
 []

[241]) (./models/Architecture/Attention/olmo_3.tex [242]
Overfull \hbox (13.60153pt too wide) in paragraph at lines 41--42
[][]\TU/Vazirmatn(0)/b/n/12 پایدارسازی با []\TU/LiberationSerif(0)/b/n/12 QK-No
rm[]\TU/Vazirmatn(0)/b/n/12 : \TU/Vazirmatn(0)/m/it/12 مشابه برترین مدل‌های روز
، هدهای پرسمان و کلید با عملگر []\TU/LiberationSerif(0)/m/n/12 RMSNorm[][]
 []

[243]
Overfull \hbox (1.75476pt too wide) in paragraph at lines 49--50
[]\TU/Vazirmatn(0)/m/it/12 میان اسناد نامرتبطی که در یک دسته ۶۴K قرار گرفته‌اند
، ماتریس توجه به صورت دقیق بلوک‌بندی[]
 []

) (./models/Architecture/Transformer/deepseek_v4.tex
Overfull \hbox (13.51169pt too wide) in paragraph at lines 12--13
[][]\TU/Vazirmatn(0)/b/n/12 بهینه‌سازی ماتریسی با []\TU/LiberationSerif(0)/b/n/
12 Muon[]\TU/Vazirmatn(0)/b/n/12 : \TU/Vazirmatn(0)/m/it/12 استفاده از تکرارهای
 نیوتن-شولتز دو مرحله‌ای جهت ارتوگونال‌سازی[]
 []

[244] [245] [246] [247]
Overfull \hbox (1.9749pt too wide) in paragraph at lines 219--220
[][] [][][]\TU/Vazirmatn(0)/b/n/12 شبکه خبره‌ها ([]\TU/LiberationSerif(0)/b/n/1
2 DeepSeekMoE Evolution[]\TU/Vazirmatn(0)/b/n/12 )[][][] \TU/Vazirmatn(0)/m/it/
12 ساختار لایه‌های []\TU/LiberationSerif(0)/m/n/12 FFN[] \TU/Vazirmatn(0)/m/it/
12 بر مبنای تفکیک خبره‌های ریزدانه[]
 []

[248]) (./models/Architecture/Transformer/glm_5.tex
Overfull \hbox (0.89297pt too wide) in paragraph at lines 4--5
[]\TU/Vazirmatn(0)/m/it/12 ([]\TU/LiberationSerif(0)/m/n/12 Vibe Coding[]\TU/Va
zirmatn(0)/m/it/12 ) به سمت مهندسی خودکار و عاملیتی ([]\TU/LiberationSerif(0)/m
/n/12 Agentic Engineering[]\TU/Vazirmatn(0)/m/it/12 )، نیازمند بازطراحی بنیادین
[]
 []

[249]
Overfull \hbox (8.23477pt too wide) in paragraph at lines 109--111
[][]\TU/Vazirmatn(0)/b/n/12 تحلیل ماتریسی و ضرورت نوآوری []\TU/LiberationSerif(
0)/b/n/12 Muon Split[]\TU/Vazirmatn(0)/b/n/12 : \TU/Vazirmatn(0)/m/it/12 در بهی
نه‌ساز استاندارد []\TU/LiberationSerif(0)/m/n/12 Muon[] \TU/Vazirmatn(0)/m/it/1
2 [[]]، به‌روزرسانی پارامترهای[]
 []

[250] [251] [252]
Overfull \hbox (2.52675pt too wide) in paragraph at lines 184--185
[][] [][][]\TU/Vazirmatn(0)/b/n/12 پیش‌بینی چندتوکنی با اشتراک پارامتر ([]\TU/L
iberationSerif(0)/b/n/12 MTP with Parameter Sharing[]\TU/Vazirmatn(0)/b/n/12 )[
][][] \TU/Vazirmatn(0)/m/it/12 به منظور افزایش بهره‌وری[]
 []


Overfull \hbox (1.81876pt too wide) in paragraph at lines 191--192
[][] [][][]\TU/Vazirmatn(0)/b/n/12 مشخصات فنی و مقایسه هایپرپارامترهای معماری[]
[][] \TU/Vazirmatn(0)/m/it/12 جدول [][][][][][]۸۲[][][][][][] مقایسه ابعادی و پ
یکربندی ترنسفورمر[]
 []

) (./models/Architecture/Transformer/kimi_k3.tex [253] [254] [255]
Overfull \hbox (7.87149pt too wide) in paragraph at lines 141--142
[][] [][][]\TU/Vazirmatn(0)/b/n/12 پسماندهای توجه بلوکی ([]\TU/LiberationSerif(
0)/b/n/12 Block Attention Residuals - AttnRes[]\TU/Vazirmatn(0)/b/n/12 )[][][] 
\TU/Vazirmatn(0)/m/it/12 اتصالات پسماند مرسوم هیمینگ[]
 []

[256]
Overfull \hbox (6.11172pt too wide) in paragraph at lines 162--163
[][] [][][]\TU/Vazirmatn(0)/b/n/12 تابع فعال‌ساز مهارشده []\TU/LiberationSerif(
0)/b/n/12 SiTU-GLU[][][][] \TU/Vazirmatn(0)/m/it/12 برای جلوگیری از انفجار مقاد
یر عددی ناشی از ضرب‌های ماتریسی[]
 []

) (./models/Architecture/Transformer/magistral.tex
Overfull \hbox (7.31094pt too wide) in paragraph at lines 4--5
[]\TU/Vazirmatn(0)/m/it/12 [[]] به عنوان نخستین نسل از مدل‌های استدلال‌گر پیشرف
ته شرکت []\TU/LiberationSerif(0)/m/n/12 Mistral AI[]\TU/Vazirmatn(0)/m/it/12 ، 
با تکیه بر مقیاس‌پذیری[]
 []

[257] [258] [259]
Overfull \hbox (3.49556pt too wide) in paragraph at lines 149--151
[]\TU/Vazirmatn(0)/m/it/12 پایپ‌لاین تولید، ترنسفورمر حین تولید توکن با وزن‌های
 جدید $\OML/cmm/m/it/12 ^^R[]$ \TU/Vazirmatn(0)/m/it/12 به‌روزرسانی می‌شود، اما
 وضعیت‌های[]
 []


Overfull \hbox (2.18204pt too wide) in paragraph at lines 177--178
[]\TU/Vazirmatn(0)/m/it/12 وسیع طول پاسخ‌ها در استدلال، توکن‌های پدینگ ([]\TU/L
iberationSerif(0)/m/n/12 Padding Tokens[]\TU/Vazirmatn(0)/m/it/12 ) هدررفت زیاد
ی در توان محاسباتی[]
 []

[260]) (./models/Architecture/Transformer/minimax_m2.tex
Overfull \hbox (1.10782pt too wide) in paragraph at lines 4--5
[][] [][][]\TU/Vazirmatn(0)/b/n/12 مقدمه و فلسفه بنیادین معماری ([]\TU/Liberati
onSerif(0)/b/n/12 Architectural Philosophy[]\TU/Vazirmatn(0)/b/n/12 )[][][] \TU
/Vazirmatn(0)/m/it/12 مدل‌های زبانی در حال گذار پرشتاب[]
 []


Overfull \hbox (12.07224pt too wide) in paragraph at lines 10--11
[]\TU/Vazirmatn(0)/m/it/12 جایگزینی سافت‌مکس با نگاشت سیگموئید و حذف وابستگی مف
رط به توابع زیان کمکی ([]\TU/LiberationSerif(0)/m/n/12 Auxiliary-[][]
 []

[261] [262]
Overfull \hbox (0.57355pt too wide) in paragraph at lines 134--136
[]\TU/Vazirmatn(0)/m/it/12 گسترده‌ای را با مصرف تریلیون‌ها توکن جهت ارزیابی ترک
یب توجه پنجره لغزان ([]\TU/LiberationSerif(0)/m/n/12 SWA[]\TU/Vazirmatn(0)/m/it
/12 ) [[]] با درصدهای[]
 []

[263] [264]
Overfull \hbox (18.88321pt too wide) in paragraph at lines 206--207
[][] [][][]\TU/Vazirmatn(0)/b/n/12 مشخصات فنی و پیکربندی هایپرپارامترهای معماری
[][][] \TU/Vazirmatn(0)/m/it/12 پارامترها و پیکربندی‌های ساختاری مدل ترنسفورمر[
]
 []

) (./models/Architecture/Transformer/mobilellm_pro.tex [265]
Overfull \hbox (1.04684pt too wide) in paragraph at lines 9--10
[][]\TU/Vazirmatn(0)/b/n/12 مکانیزم توجه چند-استعلامی گروهی ([]\TU/LiberationSe
rif(0)/b/n/12 Grouped-Query Attention - GQA[]\TU/Vazirmatn(0)/b/n/12 ): \TU/Vaz
irmatn(0)/m/it/12 به‌کارگیری نسبت[]
 []


Overfull \hbox (0.56247pt too wide) in paragraph at lines 10--11
[][]\TU/Vazirmatn(0)/b/n/12 تناوب ساختاری توجه محلی-سراسری ([]\TU/LiberationSer
if(0)/b/n/12 Interleaved 3:1 Local-Global Attention[]\TU/Vazirmatn(0)/b/n/12 ):
 \TU/Vazirmatn(0)/m/it/12 جایگزینی[]
 []


Overfull \hbox (5.87344pt too wide) in paragraph at lines 105--106
[][] [][][]\TU/Vazirmatn(0)/b/n/12 هندسه منیفلد و تحلیل اشتراک وزن تعبیه‌ساز ([
]\TU/LiberationSerif(0)/b/n/12 Tied Embeddings[]\TU/Vazirmatn(0)/b/n/12 )[][][]
 \TU/Vazirmatn(0)/m/it/12 واژگان با ابعاد بزرگ در مدل‌های[]
 []

[266] [267]
Overfull \hbox (1.87671pt too wide) in paragraph at lines 123--125
[]\TU/Vazirmatn(0)/m/it/12 ضرب داخلی شباهت کوسینوسی آن‌ها در فضای ورودی مقید می
‌گردد. این ساختار نوعی خودتنظیم‌گری[]
 []

[268]
Overfull \hbox (3.33633pt too wide) in paragraph at lines 208--209
[]\TU/Vazirmatn(0)/m/it/12 گنجایش حافظه دانشی ([]\TU/LiberationSerif(0)/m/n/12 
Parametric Knowledge[]\TU/Vazirmatn(0)/m/it/12 ) در غیاب ابعاد بزرگ پنهان، از ن
سبت بسط غیرمتعارف[]
 []

[269]) (./models/Architecture/Transformer/nemotron_3.tex [270]
Overfull \hbox (5.57028pt too wide) in paragraph at lines 8--9
[][]\TU/Vazirmatn(0)/b/n/12 ترکیب دورگه غیریکنواخت ([]\TU/LiberationSerif(0)/b/
n/12 Hybrid Mamba-MoE-Attention[]\TU/Vazirmatn(0)/b/n/12 ): \TU/Vazirmatn(0)/m/
it/12 جایگزینی بخش عمده لایه‌های[]
 []


Overfull \hbox (4.04141pt too wide) in paragraph at lines 88--89
[][] [][][]\TU/Vazirmatn(0)/b/n/12 لایه‌های پردازش توالی و برتری مرتبه حافظه ([
]\TU/LiberationSerif(0)/b/n/12 Sequence Modeling Layer[]\TU/Vazirmatn(0)/b/n/12
 )[][][] \TU/Vazirmatn(0)/m/it/12 در پردازش خودبازگشتی،[]
 []

[271]
Overfull \hbox (1.16933pt too wide) in paragraph at lines 125--126
[][] [][][]\TU/Vazirmatn(0)/b/n/12 طراحی خبرگان آگاه از سخت‌افزار ([]\TU/Libera
tionSerif(0)/b/n/12 LatentMoE Architecture[]\TU/Vazirmatn(0)/b/n/12 )[][][] \TU
/Vazirmatn(0)/m/it/12 در سامانه‌های خوشه‌ای توزیع‌شده،[]
 []

[272]
Overfull \hbox (12.71133pt too wide) in paragraph at lines 169--170
[][] [][][]\TU/Vazirmatn(0)/b/n/12 پیش‌بینی چندتوکنی ([]\TU/LiberationSerif(0)/
b/n/12 Multi-Token Prediction - MTP[]\TU/Vazirmatn(0)/b/n/12 )[][][] \TU/Vazirm
atn(0)/m/it/12 در مدل‌های []\TU/LiberationSerif(0)/m/n/12 Super[] \TU/Vazirmatn
(0)/m/it/12 و []\TU/LiberationSerif(0)/m/n/12 Ultra[]\TU/Vazirmatn(0)/m/it/12 ،
 هدف بهینه‌سازی[]
 []

[273]) (./models/Architecture/Transformer/qwen_3.tex
Overfull \hbox (18.21329pt too wide) in paragraph at lines 4--5
[][] [][][]\TU/Vazirmatn(0)/b/n/12 مقدمه و اصول بنیادین معماری ([]\TU/Liberatio
nSerif(0)/b/n/12 Architectural Philosophy[]\TU/Vazirmatn(0)/b/n/12 )[][][] \TU/
Vazirmatn(0)/m/it/12 سری مدل‌های []\TU/LiberationSerif(0)/b/n/12 Qwen3[] \TU/Va
zirmatn(0)/m/it/12 [[]] جدیدترین[]
 []


Overfull \hbox (1.43008pt too wide) in paragraph at lines 4--5
[]\TU/Vazirmatn(0)/m/it/12 نسل از خانواده مدل‌های بنیادی []\TU/LiberationSerif(
0)/m/n/12 Qwen[] \TU/Vazirmatn(0)/m/it/12 هستند که در دو دسته ساختاری متراکم ([
]\TU/LiberationSerif(0)/m/n/12 Dense[]\TU/Vazirmatn(0)/m/it/12 ) با مقیاس‌های[]

 []

[274]
Overfull \hbox (0.84372pt too wide) in paragraph at lines 12--13
[][]\TU/Vazirmatn(0)/b/n/12 واحدهای فعال‌ساز []\TU/LiberationSerif(0)/b/n/12 Sw
iGLU[]\TU/Vazirmatn(0)/b/n/12 : \TU/Vazirmatn(0)/m/it/12 ساختار غیرخطی با ماتری
س‌های گیت جهت کنترل جریان اطلاعات[]
 []


Overfull \hbox (6.44962pt too wide) in paragraph at lines 102--103
[][] [][][]\TU/Vazirmatn(0)/b/n/12 نمایش ورودی، توکنایزیشن و اشتراک وزن‌ها ([]\
TU/LiberationSerif(0)/b/n/12 Tokenization & Tie Embedding[]\TU/Vazirmatn(0)/b/n
/12 )[][][] \TU/Vazirmatn(0)/m/it/12 مدل‌های []\TU/LiberationSerif(0)/b/n/12 Qw
en3[][]
 []

[275] [276]
Overfull \hbox (9.3257pt too wide) in paragraph at lines 142--144
[]\TU/Vazirmatn(0)/m/it/12 از دیدگاه تئوری اطلاعات، در غیاب نرمال‌سازی سرها، وا
ریانس لاجیت‌ها با رابطه $[]\OT1/cmr/m/n/12 (\OT1/cmr/bx/n/12 S[]\OT1/cmr/m/n/12
 ) \OMS/cmsy/m/n/12 / k\OT1/cmr/bx/n/12 Q\OMS/cmsy/m/n/12 k[]k\OT1/cmr/bx/n/12 
K\OMS/cmsy/m/n/12 k[]$[]
 []

[277] [278]
Overfull \hbox (2.70352pt too wide) in paragraph at lines 220--222
[]\TU/Vazirmatn(0)/m/it/12 بر اساس نامساوی کوشی-شوارتز، کمینه این اتلاف زمانی ح
اصل می‌شود که بار پردازشی به‌طور یکنواخت[]
 []

) (./models/Architecture/Transformer/olmo_3.tex
Overfull \hbox (9.54123pt too wide) in paragraph at lines 4--5
[]\TU/Vazirmatn(0)/m/it/12 (شامل نگارش‌های []\TU/LiberationSerif(0)/m/n/12 7B[]
 \TU/Vazirmatn(0)/m/it/12 و []\TU/LiberationSerif(0)/m/n/12 32B[]\TU/Vazirmatn(
0)/m/it/12 ) بر پایه یک معماری ترنسفورمر تنها-رمزگشا ([]\TU/LiberationSerif(0)/
m/n/12 Decoder-Only Transformer[]\TU/Vazirmatn(0)/m/it/12 )[]
 []


Overfull \hbox (18.07419pt too wide) in paragraph at lines 12--13
[][]\TU/Vazirmatn(0)/b/n/12 بلوک غیرخطی []\TU/LiberationSerif(0)/b/n/12 SwiGLU[
]\TU/Vazirmatn(0)/b/n/12 : \TU/Vazirmatn(0)/m/it/12 بهره‌گیری از ضرب هادامارد د
ر واحدهای خطی دروازه‌ای جهت بیشینه‌سازی[]
 []

[279] [280]
Overfull \hbox (1.10977pt too wide) in paragraph at lines 146--147
[]\TU/Vazirmatn(0)/m/it/12 فرض بنیادین بر این است که پایداری شبکه‌های عصبی عمیق
 ناشی از تغییرناپذیری مقیاس بردارهاست[]
 []


Overfull \hbox (7.76894pt too wide) in paragraph at lines 167--168
[][] [][][]\TU/Vazirmatn(0)/b/n/12 مکانیسم توجه، تثبیت آنتروپی با []\TU/Liberat
ionSerif(0)/b/n/12 QK-Norm[] \TU/Vazirmatn(0)/b/n/12 و مقایسه []\TU/LiberationS
erif(0)/b/n/12 MHA / GQA[][][][] \TU/Vazirmatn(0)/m/it/12 عملگر توجه خودکار مقی
اس‌دار[]
 []

[281]
Overfull \hbox (1.07071pt too wide) in paragraph at lines 201--203
[][]\TU/Vazirmatn(0)/b/n/12 تحلیل آماری و صرفه‌جویی حافظه []\TU/LiberationSerif
(0)/b/n/12 KV-Cache[]\TU/Vazirmatn(0)/b/n/12 : \TU/Vazirmatn(0)/m/it/12 میزان ح
افظه مورد نیاز برای ذخیره موقت ماتریس‌های[]
 []


Overfull \hbox (13.88492pt too wide) detected at line 206
[]
 []

[282] [283])) (./sections/03_optimization.tex
(./models/Optimization/Algorithm/literature_review.tex
Missing character: There is no م (U+0645) in font Liberation Serif Bold/OT:scri
pt=latn;language=dflt;mapping=tex-text;!
Missing character: There is no ر (U+0631) in font Liberation Serif Bold/OT:scri
pt=latn;language=dflt;mapping=tex-text;!
Missing character: There is no و (U+0648) in font Liberation Serif Bold/OT:scri
pt=latn;language=dflt;mapping=tex-text;!
Missing character: There is no ر (U+0631) in font Liberation Serif Bold/OT:scri
pt=latn;language=dflt;mapping=tex-text;!
Missing character: There is no ج (U+062C) in font Liberation Serif Bold/OT:scri
pt=latn;language=dflt;mapping=tex-text;!
Missing character: There is no ا (U+0627) in font Liberation Serif Bold/OT:scri
pt=latn;language=dflt;mapping=tex-text;!
Missing character: There is no م (U+0645) in font Liberation Serif Bold/OT:scri
pt=latn;language=dflt;mapping=tex-text;!
Missing character: There is no ع (U+0639) in font Liberation Serif Bold/OT:scri
pt=latn;language=dflt;mapping=tex-text;!
Missing character: There is no ب (U+0628) in font Liberation Serif Bold/OT:scri
pt=latn;language=dflt;mapping=tex-text;!
Missing character: There is no ر (U+0631) in font Liberation Serif Bold/OT:scri
pt=latn;language=dflt;mapping=tex-text;!
Missing character: There is no م (U+0645) in font Liberation Serif Bold/OT:scri
pt=latn;language=dflt;mapping=tex-text;!
Missing character: There is no ب (U+0628) in font Liberation Serif Bold/OT:scri
pt=latn;language=dflt;mapping=tex-text;!
Missing character: There is no ا (U+0627) in font Liberation Serif Bold/OT:scri
pt=latn;language=dflt;mapping=tex-text;!
Missing character: There is no ن (U+0646) in font Liberation Serif Bold/OT:scri
pt=latn;language=dflt;mapping=tex-text;!
Missing character: There is no ی (U+06CC) in font Liberation Serif Bold/OT:scri
pt=latn;language=dflt;mapping=tex-text;!
Missing character: There is no و (U+0648) in font Liberation Serif Bold/OT:scri
pt=latn;language=dflt;mapping=tex-text;!
Missing character: There is no س (U+0633) in font Liberation Serif Bold/OT:scri
pt=latn;language=dflt;mapping=tex-text;!
Missing character: There is no ی (U+06CC) in font Liberation Serif Bold/OT:scri
pt=latn;language=dflt;mapping=tex-text;!
Missing character: There is no ر (U+0631) in font Liberation Serif Bold/OT:scri
pt=latn;language=dflt;mapping=tex-text;!
Missing character: There is no ت (U+062A) in font Liberation Serif Bold/OT:scri
pt=latn;language=dflt;mapping=tex-text;!
Missing character: There is no ک (U+06A9) in font Liberation Serif Bold/OT:scri
pt=latn;language=dflt;mapping=tex-text;!
Missing character: There is no ا (U+0627) in font Liberation Serif Bold/OT:scri
pt=latn;language=dflt;mapping=tex-text;!
Missing character: There is no م (U+0645) in font Liberation Serif Bold/OT:scri
pt=latn;language=dflt;mapping=tex-text;!
Missing character: There is no ل (U+0644) in font Liberation Serif Bold/OT:scri
pt=latn;language=dflt;mapping=tex-text;!
Missing character: There is no ی (U+06CC) in font Liberation Serif Bold/OT:scri
pt=latn;language=dflt;mapping=tex-text;!
Missing character: There is no ا (U+0627) in font Liberation Serif Bold/OT:scri
pt=latn;language=dflt;mapping=tex-text;!
Missing character: There is no ل (U+0644) in font Liberation Serif Bold/OT:scri
pt=latn;language=dflt;mapping=tex-text;!
Missing character: There is no گ (U+06AF) in font Liberation Serif Bold/OT:scri
pt=latn;language=dflt;mapping=tex-text;!
Missing character: There is no و (U+0648) in font Liberation Serif Bold/OT:scri
pt=latn;language=dflt;mapping=tex-text;!
Missing character: There is no ر (U+0631) in font Liberation Serif Bold/OT:scri
pt=latn;language=dflt;mapping=tex-text;!
Missing character: There is no ی (U+06CC) in font Liberation Serif Bold/OT:scri
pt=latn;language=dflt;mapping=tex-text;!
Missing character: There is no ت (U+062A) in font Liberation Serif Bold/OT:scri
pt=latn;language=dflt;mapping=tex-text;!
Missing character: There is no م (U+0645) in font Liberation Serif Bold/OT:scri
pt=latn;language=dflt;mapping=tex-text;!
Missing character: There is no ه (U+0647) in font Liberation Serif Bold/OT:scri
pt=latn;language=dflt;mapping=tex-text;!
Missing character: There is no ا (U+0627) in font Liberation Serif Bold/OT:scri
pt=latn;language=dflt;mapping=tex-text;!
Missing character: There is no ی (U+06CC) in font Liberation Serif Bold/OT:scri
pt=latn;language=dflt;mapping=tex-text;!
Missing character: There is no ب (U+0628) in font Liberation Serif Bold/OT:scri
pt=latn;language=dflt;mapping=tex-text;!
Missing character: There is no ه (U+0647) in font Liberation Serif Bold/OT:scri
pt=latn;language=dflt;mapping=tex-text;!
Missing character: There is no ی (U+06CC) in font Liberation Serif Bold/OT:scri
pt=latn;language=dflt;mapping=tex-text;!
Missing character: There is no ن (U+0646) in font Liberation Serif Bold/OT:scri
pt=latn;language=dflt;mapping=tex-text;!
Missing character: There is no ه (U+0647) in font Liberation Serif Bold/OT:scri
pt=latn;language=dflt;mapping=tex-text;!
Missing character: There is no س (U+0633) in font Liberation Serif Bold/OT:scri
pt=latn;language=dflt;mapping=tex-text;!
Missing character: There is no ا (U+0627) in font Liberation Serif Bold/OT:scri
pt=latn;language=dflt;mapping=tex-text;!
Missing character: There is no ز (U+0632) in font Liberation Serif Bold/OT:scri
pt=latn;language=dflt;mapping=tex-text;!
Missing character: There is no ی (U+06CC) in font Liberation Serif Bold/OT:scri
pt=latn;language=dflt;mapping=tex-text;!
Missing character: There is no م (U+0645) in font Liberation Serif Bold/OT:scri
pt=latn;language=dflt;mapping=tex-text;!
Missing character: There is no د (U+062F) in font Liberation Serif Bold/OT:scri
pt=latn;language=dflt;mapping=tex-text;!
Missing character: There is no ل (U+0644) in font Liberation Serif Bold/OT:scri
pt=latn;language=dflt;mapping=tex-text;!
Missing character: There is no ه (U+0647) in font Liberation Serif Bold/OT:scri
pt=latn;language=dflt;mapping=tex-text;!
Missing character: There is no ا (U+0627) in font Liberation Serif Bold/OT:scri
pt=latn;language=dflt;mapping=tex-text;!
Missing character: There is no ی (U+06CC) in font Liberation Serif Bold/OT:scri
pt=latn;language=dflt;mapping=tex-text;!
Missing character: There is no ز (U+0632) in font Liberation Serif Bold/OT:scri
pt=latn;language=dflt;mapping=tex-text;!
Missing character: There is no ب (U+0628) in font Liberation Serif Bold/OT:scri
pt=latn;language=dflt;mapping=tex-text;!
Missing character: There is no ا (U+0627) in font Liberation Serif Bold/OT:scri
pt=latn;language=dflt;mapping=tex-text;!
Missing character: There is no ن (U+0646) in font Liberation Serif Bold/OT:scri
pt=latn;language=dflt;mapping=tex-text;!
Missing character: There is no ی (U+06CC) in font Liberation Serif Bold/OT:scri
pt=latn;language=dflt;mapping=tex-text;!
[284]
Overfull \hbox (7.91641pt too wide) in paragraph at lines 13--14
[][] [][][]\TU/Vazirmatn(0)/b/n/12 سیستم دینامیکی گسسته یکپارچه ([]\TU/Liberati
onSerif(0)/b/n/12 Unified Discrete-Time Dynamical System[]\TU/Vazirmatn(0)/b/n/
12 )[][][] \TU/Vazirmatn(0)/m/it/12 به منظور برقراری[]
 []


Overfull \hbox (6.66837pt too wide) in paragraph at lines 13--14
[]\TU/Vazirmatn(0)/m/it/12 انسجام ساختاری میان الگوریتم‌های متنوع، طبق طبقه‌بند
ی ژانگ و همکاران [[]]، تمامی الگوریتم‌های[]
 []

[285]
Overfull \hbox (13.73962pt too wide) in paragraph at lines 30--31
[][]\TU/Vazirmatn(0)/b/n/12 پیش‌شرط‌ساز ($\OML/cmm/m/it/12 M[]$\TU/Vazirmatn(0)
/b/n/12 ) و تصویر ساختاری ($\OMS/cmsy/m/n/12 P[]$\TU/Vazirmatn(0)/b/n/12 ): \TU
/Vazirmatn(0)/m/it/12 ماتریس $\OML/cmm/m/it/12 M[]$ \TU/Vazirmatn(0)/m/it/12 فض
ای پارامتر را برای جبران ناهمسانگردی[]
 []


LaTeX Warning: Citation `tieleman2012rmsprop' on page 286 undefined on input li
ne 38.


LaTeX Warning: Citation `kunstner2023noise' on page 286 undefined on input line
 47.

[286]
Overfull \hbox (0.20547pt too wide) in paragraph at lines 76--77
[][] [][][]\TU/Vazirmatn(0)/b/n/12 ریشه‌های ساختاری: ژاکوبی لایه‌نرمال‌سازی و م
اتریس توجه[][][] \TU/Vazirmatn(0)/m/it/12 بررسی ژاکوبی لایه‌نرمال‌سازی خاستگاه[
]
 []

[287]
Overfull \hbox (6.84805pt too wide) in paragraph at lines 108--109
[][] [][][]\TU/Vazirmatn(0)/b/n/12 بهینه‌سازی بر منیفلد متعامد: مبانی نظری Muon
 و Scion[][][] \TU/Vazirmatn(0)/m/it/12 بهینه‌ساز []\TU/LiberationSerif(0)/m/n/
12 Muon[] \TU/Vazirmatn(0)/m/it/12 [[]] با اعمال متعامدسازی[]
 []

[288] [289]
Overfull \hbox (16.19962pt too wide) in paragraph at lines 248--249
[][] [][][]\TU/Vazirmatn(0)/b/n/12 جدول مقایسه‌ای جامع الگوریتم‌های بهینه‌سازی[
][][] \TU/Vazirmatn(0)/m/it/12 در جدول [][][][][][]۹۰[][][][][][]، شاخصه‌های ری
اضیاتی، مرتبه محاسباتی،[]
 []

[290]
Overfull \hbox (2.04922pt too wide) in paragraph at lines 273--274
[]\TU/Vazirmatn(0)/m/it/12 می‌دهد که بهینه‌سازی مدل‌های زبانی بزرگ از رویکردهای
 تک‌بعدی گرادیان نزولی به سمت چارچوب‌های[]
 []

) (./models/Optimization/Algorithm/deepseek_v4.tex [291]
Overfull \hbox (30.24063pt too wide) in paragraph at lines 31--32
[][] [][][]\TU/Vazirmatn(0)/b/n/12 پایدارسازی مانیفلد پسماند با اتصالات ابرپیون
دی []\TU/LiberationSerif(0)/b/n/12 mHC[][][][] \TU/Vazirmatn(0)/m/it/12 اتصالات
 پسماند چندکاناله ([]\TU/LiberationSerif(0)/m/n/12 Hyper-Connections[]\TU/Vazir
matn(0)/m/it/12 )[]
 []

[292]) (./models/Optimization/Algorithm/glm_5.tex [293] [294])
(./models/Optimization/Algorithm/kimi_k3.tex [295])
(./models/Optimization/Algorithm/magistral.tex
Overfull \hbox (3.90167pt too wide) in paragraph at lines 7--8
[][] [][][]\TU/Vazirmatn(0)/b/n/12 اصلاحات ساختاری در الگوریتم []\TU/Liberation
Serif(0)/b/n/12 GRPO[][][][] \TU/Vazirmatn(0)/m/it/12 الگوریتم پایه‌ای مورد است
فاده []\TU/LiberationSerif(0)/m/n/12 GRPO[] \TU/Vazirmatn(0)/m/it/12 [[]] است ک
ه اصلاحات[]
 []

[296] [297]) (./models/Optimization/Algorithm/minimax_m2.tex [298] [299]
Overfull \hbox (0.3027pt too wide) in paragraph at lines 44--45
[][]\TU/Vazirmatn(0)/b/n/12 ادغام درخت پیشوند ([]\TU/LiberationSerif(0)/b/n/12 
Prefix Tree Merging[]\TU/Vazirmatn(0)/b/n/12 ): \TU/Vazirmatn(0)/m/it/12 در رول
‌اوت‌های عاملیتی چندمرحله‌ای، توکن‌های[]
 []

) (./models/Optimization/Algorithm/mobilellm_pro.tex
Overfull \hbox (1.36261pt too wide) in paragraph at lines 7--8
[][] [][][]\TU/Vazirmatn(0)/b/n/12 تقطیر موقعیتی پنهان ([]\TU/LiberationSerif(0
)/b/n/12 Implicit Positional Distillation[]\TU/Vazirmatn(0)/b/n/12 )[][][] \TU/
Vazirmatn(0)/m/it/12 توسعه بافت به ۱۲۸K در مدل‌های کوچک[]
 []

[300]
Overfull \hbox (0.78165pt too wide) in paragraph at lines 25--26
[][] [][][]\TU/Vazirmatn(0)/b/n/12 آموزش آگاه از کوانتیزاسیون ۴ بیتی با بازه یا
دگیری‌پذیر ([]\TU/LiberationSerif(0)/b/n/12 Learnable Range QAT[]\TU/Vazirmatn(
0)/b/n/12 )[][][] \TU/Vazirmatn(0)/m/it/12 در کوانتیزاسیون[]
 []

) (./models/Optimization/Algorithm/qwen_3.tex
Overfull \hbox (11.52188pt too wide) in paragraph at lines 7--8
[][] [][][]\TU/Vazirmatn(0)/b/n/12 پایدارسازی توجه با []\TU/LiberationSerif(0)/
b/n/12 QK-Norm[] \TU/Vazirmatn(0)/b/n/12 و زیان تعادل بار جهانی[][][] \TU/Vazir
matn(0)/m/it/12 به منظور تثبیت دینامیک گرادیان و امکان‌پذیری[]
 []

[301]) (./models/Optimization/Algorithm/olmo_3.tex [302] [303]
Overfull \hbox (11.59763pt too wide) in paragraph at lines 29--30
[][]\TU/Vazirmatn(0)/b/n/12 نمونه‌برداری اهمیت برش‌خورده ([]\TU/LiberationSerif
(0)/b/n/12 Truncated Importance Sampling[]\TU/Vazirmatn(0)/b/n/12 ): \TU/Vazirm
atn(0)/m/it/12 اصلاح خطای لاگ‌احتمال[]
 []

) (./models/Optimization/LossFunction/literature_review.tex [304]
Overfull \hbox (20.76602pt too wide) in paragraph at lines 11--13
[]\TU/Vazirmatn(0)/m/it/12 هدف فرآیند آموزش، حل مسئله بهینه‌سازی مقید یا نامقید
 زیر به همراه یک عملگر منظم‌ساز ([]\TU/LiberationSerif(0)/m/n/12 Regularizer[]\
TU/Vazirmatn(0)/m/it/12 )[]
 []


Overfull \hbox (12.26768pt too wide) in paragraph at lines 22--23
[][]\TU/Vazirmatn(0)/b/n/12 مشتق‌پذیری ([]\TU/LiberationSerif(0)/b/n/12 Differe
ntiability - DIFF[]\TU/Vazirmatn(0)/b/n/12 ): \TU/Vazirmatn(0)/m/it/12 وجود گرا
دیان $\OMS/cmsy/m/n/12 r[]\OML/cmm/m/it/12 L$ \TU/Vazirmatn(0)/m/it/12 در تمام 
نقاط دامنه، بستر به‌کارگیری[]
 []

[305] [306]
Overfull \hbox (2.01797pt too wide) in paragraph at lines 109--111
[]\TU/Vazirmatn(0)/m/it/12 مکان هندسی این خطوط است؛ در حالی که دگرگونی در معمار
ی مدل (نظیر ترنسفورمرهای خودبازگشتی[]
 []

[307]
Overfull \hbox (7.07266pt too wide) in paragraph at lines 128--129
[][] [][][]\TU/Vazirmatn(0)/b/n/12 هندسه چشم‌انداز زیان: حوضچه‌ها و هموارسازی ت
صادفی ([]\TU/LiberationSerif(0)/b/n/12 Loss Basins & Parameter Smoothing[]\TU/V
azirmatn(0)/b/n/12 )[][][][]
 []


Overfull \hbox (3.25519pt too wide) in paragraph at lines 133--134
[]\TU/Vazirmatn(0)/m/it/12 برای ایجاد کران نظری، مفهوم هموارسازی تصادفی ([]\TU/
LiberationSerif(0)/m/n/12 Randomized Smoothing - RS[]\TU/Vazirmatn(0)/m/it/12 )
 به فضای پارامتریک[]
 []

[308] [309] [310]
Overfull \hbox (7.09958pt too wide) in paragraph at lines 240--241
[][]\TU/Vazirmatn(0)/b/n/12 توابع زیان ترکیبی در []\TU/LiberationSerif(0)/b/n/1
2 RAG[]\TU/Vazirmatn(0)/b/n/12 : \TU/Vazirmatn(0)/m/it/12 ادغام زیان‌های تضادی 
([]\TU/LiberationSerif(0)/m/n/12 Contrastive[]\TU/Vazirmatn(0)/m/it/12 ) و رتبه
‌بندی حاشیه‌ای ([]\TU/LiberationSerif(0)/m/n/12 Marginal[][]
 []

[311]) (./models/Optimization/LossFunction/deepseek_v4.tex
Overfull \hbox (8.11652pt too wide) in paragraph at lines 4--5
[][]\TU/LiberationSerif(0)/m/n/12 Sparse Attention - CSA[]\TU/Vazirmatn(0)/m/it
/12 )، توجه به‌شدت فشرده ([]\TU/LiberationSerif(0)/m/n/12 Heavily Compressed At
tention - HCA[]\TU/Vazirmatn(0)/m/it/12 ) و ابراتصالات[]
 []

[312] [313]
Overfull \hbox (9.55508pt too wide) in paragraph at lines 53--54
[][] [][][]\TU/Vazirmatn(0)/b/n/12 تقطیر سیاست درون‌خطی چنداستادی ([]\TU/Libera
tionSerif(0)/b/n/12 Multi-Teacher On-Policy Distillation[]\TU/Vazirmatn(0)/b/n/
12 )[][][] \TU/Vazirmatn(0)/m/it/12 در فاز پس‌آموزش،[]
 []


Overfull \hbox (6.27383pt too wide) in paragraph at lines 81--82
[][] [][][]\TU/Vazirmatn(0)/b/n/12 دیاگرام جریان زیان و بهینه‌سازی []\TU/Libera
tionSerif(0)/b/n/12 DeepSeek-V4[][][][] \TU/Vazirmatn(0)/m/it/12 جریان محاسباتی
 پیش‌آموزش و پس‌آموزش تقطیری[]
 []


Overfull \hbox (59.20496pt too wide) in paragraph at lines 91--104
 [][][][][] 
 []

[314]) (./models/Optimization/LossFunction/glm_5.tex [315]
Overfull \hbox (2.89883pt too wide) in paragraph at lines 54--55
[][] [][][]\TU/Vazirmatn(0)/b/n/12 تقطیر درون‌خطی میان‌مرحله‌ای ([]\TU/Liberati
onSerif(0)/b/n/12 On-Policy Cross-Stage Distillation[]\TU/Vazirmatn(0)/b/n/12 )
[][][] \TU/Vazirmatn(0)/m/it/12 جهت ممانعت از فراموشی[]
 []


Overfull \hbox (194.77672pt too wide) in paragraph at lines 68--80
 [][][][][] 
 []

) (./models/Optimization/LossFunction/kimi_k3.tex [316]
Overfull \hbox (2.48282pt too wide) in paragraph at lines 21--22
[][] [][][]\TU/Vazirmatn(0)/b/n/12 استخراج ریاضیاتی تعادل چندکی کارشناس‌ها ([]\
TU/LiberationSerif(0)/b/n/12 Quantile Balancing - QB[]\TU/Vazirmatn(0)/b/n/12 )
[][][] \TU/Vazirmatn(0)/m/it/12 تخصیص بهینه توکن‌ها[]
 []

[317]
Overfull \hbox (170.63034pt too wide) in paragraph at lines 63--73
 [][][][][] 
 []

) (./models/Optimization/LossFunction/magistral.tex
Overfull \hbox (4.78555pt too wide) in paragraph at lines 4--5
[][] [][][]\TU/Vazirmatn(0)/b/n/12 فرمولاسیون بنیادین بهینه‌سازی سیاست نسبی گرو
هی ([]\TU/LiberationSerif(0)/b/n/12 GRPO[]\TU/Vazirmatn(0)/b/n/12 )[][][] \TU/V
azirmatn(0)/m/it/12 مدل []\TU/LiberationSerif(0)/b/n/12 Magistral[] \TU/Vazirma
tn(0)/m/it/12 یک مدل استدلال[]
 []

[318]
Overfull \hbox (95.47333pt too wide) in paragraph at lines 57--68
 [][][][][] 
 []

) (./models/Optimization/LossFunction/minimax_m2.tex [319])
(./models/Optimization/LossFunction/mobilellm_pro.tex [320]
Overfull \hbox (2.56076pt too wide) in paragraph at lines 25--27
[]\TU/Vazirmatn(0)/m/it/12 در کوانتایزیشن کانالی شتاب‌دهنده‌ها، مرزهای $\OML/cm
m/m/it/12 w[]$ \TU/Vazirmatn(0)/m/it/12 و $\OML/cmm/m/it/12 w[]$ \TU/Vazirmatn(
0)/m/it/12 پارامترهای یادگیرنده هستند و با تخمین‌گر[]
 []

) (./models/Optimization/LossFunction/qwen_3.tex [321]
Overfull \hbox (0.49216pt too wide) in paragraph at lines 21--22
[][]\TU/Vazirmatn(0)/b/n/12 تقطیر درون‌خطی ([]\TU/LiberationSerif(0)/b/n/12 On-
Policy[]\TU/Vazirmatn(0)/b/n/12 ): \TU/Vazirmatn(0)/m/it/12 دانش‌آموز بر روی پر
امپت‌ها نمونه‌برداری کرده و واگرایی کولبک-[]
 []


Overfull \hbox (91.15927pt too wide) in paragraph at lines 37--47
 [][][][][] 
 []

) (./models/Optimization/LossFunction/olmo_3.tex [322]
Overfull \hbox (53.72925pt too wide) in paragraph at lines 10--12
[]\TU/Vazirmatn(0)/m/it/12 ضرایب $\OML/cmm/m/it/12 p; ^^U; C$ \TU/Vazirmatn(0)/
m/it/12 تحت قیود حجم بودجه توکن ($[][] \OML/cmm/m/it/12 f[]\OT1/cmr/m/n/12 (\OM
L/cmm/m/it/12 x\OT1/cmr/m/n/12 )\OML/cmm/m/it/12 dx \OT1/cmr/m/n/12 = \OML/cmm/
m/it/12 Z=X$\TU/Vazirmatn(0)/m/it/12 ) و سقف تکرار حداکثری ($[] [][] \OML/cmm/m
/it/12 f[]\OT1/cmr/m/n/12 (\OML/cmm/m/it/12 x\OT1/cmr/m/n/12 )\OML/cmm/m/it/12 
dx \OMS/cmsy/m/n/12 ^^T$[]
 []


Overfull \hbox (166.8229pt too wide) in paragraph at lines 42--52
 [][][][][] 
 []

[323]) (./models/Optimization/Quantization/literature_review.tex
Missing character: There is no ا (U+0627) in font Liberation Serif Bold/OT:scri
pt=latn;language=dflt;mapping=tex-text;!
Missing character: There is no د (U+062F) in font Liberation Serif Bold/OT:scri
pt=latn;language=dflt;mapping=tex-text;!
Missing character: There is no ب (U+0628) in font Liberation Serif Bold/OT:scri
pt=latn;language=dflt;mapping=tex-text;!
Missing character: There is no ی (U+06CC) in font Liberation Serif Bold/OT:scri
pt=latn;language=dflt;mapping=tex-text;!
Missing character: There is no ا (U+0627) in font Liberation Serif Bold/OT:scri
pt=latn;language=dflt;mapping=tex-text;!
Missing character: There is no ت (U+062A) in font Liberation Serif Bold/OT:scri
pt=latn;language=dflt;mapping=tex-text;!
Missing character: There is no ف (U+0641) in font Liberation Serif Bold/OT:scri
pt=latn;language=dflt;mapping=tex-text;!
Missing character: There is no ن (U+0646) in font Liberation Serif Bold/OT:scri
pt=latn;language=dflt;mapping=tex-text;!
Missing character: There is no ی (U+06CC) in font Liberation Serif Bold/OT:scri
pt=latn;language=dflt;mapping=tex-text;!
Missing character: There is no و (U+0648) in font Liberation Serif Bold/OT:scri
pt=latn;language=dflt;mapping=tex-text;!
Missing character: There is no س (U+0633) in font Liberation Serif Bold/OT:scri
pt=latn;language=dflt;mapping=tex-text;!
Missing character: There is no ی (U+06CC) in font Liberation Serif Bold/OT:scri
pt=latn;language=dflt;mapping=tex-text;!
Missing character: There is no ر (U+0631) in font Liberation Serif Bold/OT:scri
pt=latn;language=dflt;mapping=tex-text;!
Missing character: There is no ت (U+062A) in font Liberation Serif Bold/OT:scri
pt=latn;language=dflt;mapping=tex-text;!
Missing character: There is no ک (U+06A9) in font Liberation Serif Bold/OT:scri
pt=latn;language=dflt;mapping=tex-text;!
Missing character: There is no ا (U+0627) in font Liberation Serif Bold/OT:scri
pt=latn;language=dflt;mapping=tex-text;!
Missing character: There is no م (U+0645) in font Liberation Serif Bold/OT:scri
pt=latn;language=dflt;mapping=tex-text;!
Missing character: There is no ل (U+0644) in font Liberation Serif Bold/OT:scri
pt=latn;language=dflt;mapping=tex-text;!
Missing character: There is no ی (U+06CC) in font Liberation Serif Bold/OT:scri
pt=latn;language=dflt;mapping=tex-text;!
Missing character: There is no ک (U+06A9) in font Liberation Serif Bold/OT:scri
pt=latn;language=dflt;mapping=tex-text;!
Missing character: There is no و (U+0648) in font Liberation Serif Bold/OT:scri
pt=latn;language=dflt;mapping=tex-text;!
Missing character: There is no ا (U+0627) in font Liberation Serif Bold/OT:scri
pt=latn;language=dflt;mapping=tex-text;!
Missing character: There is no ن (U+0646) in font Liberation Serif Bold/OT:scri
pt=latn;language=dflt;mapping=tex-text;!
Missing character: There is no ت (U+062A) in font Liberation Serif Bold/OT:scri
pt=latn;language=dflt;mapping=tex-text;!
Missing character: There is no ی (U+06CC) in font Liberation Serif Bold/OT:scri
pt=latn;language=dflt;mapping=tex-text;!
Missing character: There is no ز (U+0632) in font Liberation Serif Bold/OT:scri
pt=latn;language=dflt;mapping=tex-text;!
Missing character: There is no ا (U+0627) in font Liberation Serif Bold/OT:scri
pt=latn;language=dflt;mapping=tex-text;!
Missing character: There is no س (U+0633) in font Liberation Serif Bold/OT:scri
pt=latn;language=dflt;mapping=tex-text;!
Missing character: There is no ی (U+06CC) in font Liberation Serif Bold/OT:scri
pt=latn;language=dflt;mapping=tex-text;!
Missing character: There is no و (U+0648) in font Liberation Serif Bold/OT:scri
pt=latn;language=dflt;mapping=tex-text;!
Missing character: There is no ن (U+0646) in font Liberation Serif Bold/OT:scri
pt=latn;language=dflt;mapping=tex-text;!
Missing character: There is no م (U+0645) in font Liberation Serif Bold/OT:scri
pt=latn;language=dflt;mapping=tex-text;!
Missing character: There is no د (U+062F) in font Liberation Serif Bold/OT:scri
pt=latn;language=dflt;mapping=tex-text;!
Missing character: There is no ل (U+0644) in font Liberation Serif Bold/OT:scri
pt=latn;language=dflt;mapping=tex-text;!
Missing character: There is no ه (U+0647) in font Liberation Serif Bold/OT:scri
pt=latn;language=dflt;mapping=tex-text;!
Missing character: There is no ا (U+0627) in font Liberation Serif Bold/OT:scri
pt=latn;language=dflt;mapping=tex-text;!
Missing character: There is no ی (U+06CC) in font Liberation Serif Bold/OT:scri
pt=latn;language=dflt;mapping=tex-text;!
Missing character: There is no ز (U+0632) in font Liberation Serif Bold/OT:scri
pt=latn;language=dflt;mapping=tex-text;!
Missing character: There is no ب (U+0628) in font Liberation Serif Bold/OT:scri
pt=latn;language=dflt;mapping=tex-text;!
Missing character: There is no ا (U+0627) in font Liberation Serif Bold/OT:scri
pt=latn;language=dflt;mapping=tex-text;!
Missing character: There is no ن (U+0646) in font Liberation Serif Bold/OT:scri
pt=latn;language=dflt;mapping=tex-text;!
Missing character: There is no ی (U+06CC) in font Liberation Serif Bold/OT:scri
pt=latn;language=dflt;mapping=tex-text;!
Missing character: There is no ب (U+0628) in font Liberation Serif Bold/OT:scri
pt=latn;language=dflt;mapping=tex-text;!
Missing character: There is no ز (U+0632) in font Liberation Serif Bold/OT:scri
pt=latn;language=dflt;mapping=tex-text;!
Missing character: There is no ر (U+0631) in font Liberation Serif Bold/OT:scri
pt=latn;language=dflt;mapping=tex-text;!
Missing character: There is no گ (U+06AF) in font Liberation Serif Bold/OT:scri
pt=latn;language=dflt;mapping=tex-text;!

Overfull \hbox (5.08243pt too wide) in paragraph at lines 45--46
[][] [][][]\TU/Vazirmatn(0)/b/n/12 فرمولاسیون ریاضی بنیادین، نظریه نرخ بالا و گ
رید‌های کوانتیزاسیون[][][] \TU/Vazirmatn(0)/m/it/12 کوانتیزاسیون به صورت نگاشت[
]
 []

[324]
Overfull \hbox (6.1293pt too wide) in paragraph at lines 67--68
[][]\TU/Vazirmatn(0)/m/it/12 در پیاده‌سازی‌های سخت‌افزاری، کوانتیزاسیون یکنواخت
 افاین در دو حالت متقارن و نامتقارن پیاده‌سازی[]
 []


Overfull \hbox (5.73804pt too wide) in paragraph at lines 84--85
[][]\TU/Vazirmatn(0)/m/it/12 فرمت‌های عددی نوین در مدل‌های زبانی بزرگ از قالب‌ه
ای استاندارد فراتر رفته‌اند. ساختار []\TU/LiberationSerif(0)/m/n/12 NormalFloat
[][]
 []

[325] [326]
Overfull \hbox (88.4762pt too wide) detected at line 116
[][][][]  \OMS/cmsy/m/n/12 ([])  []
 []


LaTeX Warning: Citation `ordentlich2026high1' on page 327 undefined on input li
ne 166.

[327]
Overfull \hbox (6.40796pt too wide) in paragraph at lines 197--199
[][]\TU/Vazirmatn(0)/b/n/12 ۳. قانون مقیاس‌پذیری کاپیبارا ([]\TU/LiberationSeri
f(0)/b/n/12 Capybara Scaling Law[]\TU/Vazirmatn(0)/b/n/12 ): \TU/Vazirmatn(0)/m
/it/12 سان و همکاران [[]] قانون مقیاس‌پذیری[]
 []

[328]

LaTeX Warning: Citation `chen2026geometry' on page 329 undefined on input line 
224.


LaTeX Warning: Citation `birnick2026lattice' on page 329 undefined on input lin
e 224.

[329] [330]
Overfull \hbox (18.4711pt too wide) in paragraph at lines 292--293
[][] [][][]\TU/Vazirmatn(0)/b/n/12 طراحی همزمان الگوریتم و سخت‌افزار، معماری تر
اشه‌ها و سیستم‌های استنتاج[][][] \TU/Vazirmatn(0)/m/it/12 در اجرای کوانتیزاسیون
[]
 []


Underfull \hbox (badness 10000) in paragraph at lines 317--317
[][]\TU/Vazirmatn(0)/m/it/12 قضیه خطی‌بودن پرپلکسیتی؛ تقلیل[]
 []


Underfull \hbox (badness 6978) in paragraph at lines 317--317
[][]\TU/Vazirmatn(0)/m/it/12 تفکیک خطای وزن و اکتیویشن؛ مهار[]
 []


Underfull \hbox (badness 4752) in paragraph at lines 317--317
[][]\TU/Vazirmatn(0)/m/it/12 آموزش ۱.‏۲ تریلیون توکن؛ اثبات برتری[]
 []

) (./models/Optimization/Quantization/deepseek_v4.tex
Overfull \hbox (1.48282pt too wide) in paragraph at lines 4--5
[][] [][][]\TU/Vazirmatn(0)/b/n/12 مقدمه و پارادایم فشرده‌سازی در بافت میلیونی[
][][] \TU/Vazirmatn(0)/m/it/12 در مدل []\TU/LiberationSerif(0)/b/n/12 DeepSeek-
V4[] \TU/Vazirmatn(0)/m/it/12 [[]]، دستیابی به پشتیبانی[]
 []

[331] [332]) (./models/Optimization/Quantization/glm_5.tex [333]
Overfull \hbox (2.30508pt too wide) in paragraph at lines 11--12
[]\TU/Vazirmatn(0)/m/it/12 پایستگی بیتی ([]\TU/LiberationSerif(0)/m/n/12 Bitwis
e Identical Behavior[]\TU/Vazirmatn(0)/m/it/12 ) بین محیط آموزش توزیع‌شده و است
نتاج برون‌خط هستند.[]
 []

[334]) (./models/Optimization/Quantization/kimi_k3.tex
Overfull \hbox (1.75192pt too wide) in paragraph at lines 11--12
[][]\TU/Vazirmatn(0)/b/n/12 بخش‌های غیرمتخصصین ([]\TU/LiberationSerif(0)/b/n/12
 Non-Expert Modules[]\TU/Vazirmatn(0)/b/n/12 ): \TU/Vazirmatn(0)/m/it/12 پروجکش
ن‌های توجه، متخصصان اشتراکی[]
 []

[335]) (./models/Optimization/Quantization/magistral.tex)
(./models/Optimization/Quantization/minimax_m2.tex [336]
Overfull \hbox (3.44766pt too wide) in paragraph at lines 7--8
[]\TU/Vazirmatn(0)/m/it/12 پیشین برای اعمال فرمت‌های کم‌دقت بر لایه‌های توجه خط
ی (نظیر []\TU/LiberationSerif(0)/m/n/12 Lightning Attention[]\TU/Vazirmatn(0)/m
/it/12 ) با چالش‌های[]
 []

) (./models/Optimization/Quantization/mobilellm_pro.tex
Overfull \hbox (4.83047pt too wide) in paragraph at lines 7--8
[][] [][][]\TU/Vazirmatn(0)/b/n/12 ساختار کوانتیزیشن دوگانه: پردازنده مرکزی در 
برابر شتاب‌دهنده[][][] \TU/Vazirmatn(0)/m/it/12 برای تطابق با معماری‌های مختلف،
[]
 []


Overfull \hbox (8.33289pt too wide) in paragraph at lines 10--11
[]\TU/Vazirmatn(0)/m/it/12 ([]\TU/LiberationSerif(0)/m/n/12 Channel-wise INT4[]
\TU/Vazirmatn(0)/m/it/12 ) کوانتایز شده و فعال‌سازها و کش []\TU/LiberationSerif
(0)/m/n/12 KV[] \TU/Vazirmatn(0)/m/it/12 به دلیل محدودیت‌های شتاب‌دهنده[]
 []

[337] [338]) (./models/Optimization/Quantization/qwen_3.tex)
(./models/Optimization/Quantization/olmo_3.tex [339])
(./models/Optimization/Distillation/literature_review.tex)
(./models/Optimization/Distillation/deepseek_v4.tex)
(./models/Optimization/Distillation/glm_5.tex)
(./models/Optimization/Distillation/kimi_k3.tex)
(./models/Optimization/Distillation/magistral.tex)
(./models/Optimization/Distillation/minimax_m2.tex)
(./models/Optimization/Distillation/mobilellm_pro.tex)
(./models/Optimization/Distillation/qwen_3.tex)
(./models/Optimization/Distillation/olmo_3.tex)
(./models/Optimization/PEFT/literature_review.tex) [340])
(./sections/04_scaling_laws.tex [341]
Overfull \hbox (10.62433pt too wide) in paragraph at lines 27--28
[]\TU/Vazirmatn(0)/m/it/12 مدل‌های []\TU/LiberationSerif(0)/m/n/12 MoE[] \TU/Va
zirmatn(0)/m/it/12 به دلیل جداسازی تعداد کل پارامترها از هزینه محاسباتی ([]\TU/
LiberationSerif(0)/m/n/12 FLOPs[]\TU/Vazirmatn(0)/m/it/12 )، نیازمند قوانین مقی
اس‌پذیری[]
 []


Overfull \hbox (12.30313pt too wide) in paragraph at lines 36--37
[][]\TU/Vazirmatn(0)/b/n/12 بازیافت مدل‌ها ([]\TU/LiberationSerif(0)/b/n/12 Upc
ycling[]\TU/Vazirmatn(0)/b/n/12 ): \TU/Vazirmatn(0)/m/it/12 لیو و همکاران [[]] 
به بررسی تبدیل مدل‌های متراکم از پیش‌آموزش‌دیده[]
 []

[342]
Overfull \hbox (2.95874pt too wide) in paragraph at lines 58--59
[]\TU/Vazirmatn(0)/m/it/12 کارایی []\TU/LiberationSerif(0)/m/n/12 LLM[]\TU/Vazi
rmatn(0)/m/it/12 ها در طول زمان، مفهوم چگالی قابلیت ([]\TU/LiberationSerif(0)/m
/n/12 Capability Density[]\TU/Vazirmatn(0)/m/it/12 ) را معرفی می‌کنند. مشاهدات[
]
 []

) (./sections/05_evaluation.tex (./models/Evaluation/deepseek_v4.tex [343]
[344]
Overfull \hbox (41.16443pt too wide) in paragraph at lines 73--90
 [][][][][][] 
 []

) (./models/Evaluation/glm_5.tex [345]
Overfull \hbox (40.32419pt too wide) in paragraph at lines 41--42
[][]\TU/Vazirmatn(0)/b/n/12 تسک‌های زنجیره‌ای چندمرحله‌ای ([]\TU/LiberationSeri
f(0)/b/n/12 Multi-step Chained Tasks[]\TU/Vazirmatn(0)/b/n/12 ): \TU/Vazirmatn(
0)/m/it/12 در ارزیابی گام‌به‌گام پول‌ریکوئست‌های[]
 []

) (./models/Evaluation/kimi_k3.tex
Overfull \hbox (5.06442pt too wide) in paragraph at lines 49--50
[][]\TU/Vazirmatn(0)/b/n/12 کشف آسیب‌پذیری ([]\TU/LiberationSerif(0)/b/n/12 Tie
r 1[]\TU/Vazirmatn(0)/b/n/12 ): \TU/Vazirmatn(0)/m/it/12 مدل صدها آسیب‌پذیری کا
ندید را در کرنل سیستم‌عامل‌ها شناسایی[]
 []

[346]) (./models/Evaluation/magistral.tex
Overfull \hbox (0.22873pt too wide) in paragraph at lines 4--5
[]\TU/Vazirmatn(0)/m/it/12 ۲۴B و نسخه []\TU/LiberationSerif(0)/m/n/12 Medium[]\
TU/Vazirmatn(0)/m/it/12 ) با بهره‌گیری از الگوریتم بهینه‌سازی نسبی گروهی ([]\TU
/LiberationSerif(0)/m/n/12 GRPO[]\TU/Vazirmatn(0)/m/it/12 ) [[]] بدون هیچ‌گونه[
]
 []

[347]
Overfull \hbox (38.94333pt too wide) in paragraph at lines 60--61
[][]\TU/Vazirmatn(0)/b/n/12 پاداش جزئی در کدنویسی: \TU/Vazirmatn(0)/m/it/12 پاد
اش‌دهی بر اساس درصد پاس شدن تست‌ها، دقت نهایی []\TU/LiberationSerif(0)/m/n/12 L
iveCodeBench[][]
 []

[348]) (./models/Evaluation/minimax_m2.tex
Overfull \hbox (3.17422pt too wide) in paragraph at lines 8--9
[][] [][][]\TU/Vazirmatn(0)/b/n/12 نتایج ارزیابی مدل []\TU/LiberationSerif(0)/b
/n/12 MiniMax-M2.7[][][][] \TU/Vazirmatn(0)/m/it/12 جدول [][][][][][]۹۷[][][][]
[][] نتایج ارزیابی مدل مرزی []\TU/LiberationSerif(0)/m/n/12 M2.7[] \TU/Vazirmat
n(0)/m/it/12 را در حوزه‌های مهندسی[]
 []

) (./models/Evaluation/mobilellm_pro.tex
Overfull \hbox (7.18594pt too wide) in paragraph at lines 4--5
[][] [][][]\TU/Vazirmatn(0)/b/n/12 تقطیر موقعیتی ضمنی ([]\TU/LiberationSerif(0)
/b/n/12 Implicit Positional Distillation[]\TU/Vazirmatn(0)/b/n/12 )[][][] \TU/V
azirmatn(0)/m/it/12 مدل []\TU/LiberationSerif(0)/b/n/12 MobileLLM-Pro[] \TU/Vaz
irmatn(0)/m/it/12 [[]] با مقیاس[]
 []

[349] [350]
Overfull \hbox (3.13321pt too wide) in paragraph at lines 11--12
[]\TU/Vazirmatn(0)/m/it/12 پردازنده‌های موبایل ([]\TU/LiberationSerif(0)/m/n/12
 xnnpack[]\TU/Vazirmatn(0)/m/it/12 ) و شتاب‌دهنده‌های سخت‌افزاری ([]\TU/Liberat
ionSerif(0)/m/n/12 ANE/HTP[]\TU/Vazirmatn(0)/m/it/12 )، وزن‌ها به صورت متقارن[]

 []

) (./models/Evaluation/qwen_3.tex [351] [352]) (./models/Evaluation/olmo_3.tex
[353])) (./sections/06_rl.tex (./models/ReinforcementLearning/Theory.tex
Overfull \hbox (3.26604pt too wide) in paragraph at lines 5--6
[]\TU/Vazirmatn(0)/m/it/12 طریق بیشینه‌سازی مقادیر عمل ($\OML/cmm/m/it/12 a \OT
1/cmr/m/n/12 = [][] \OML/cmm/m/it/12 Q\OT1/cmr/m/n/12 (\OML/cmm/m/it/12 s; a\OT
1/cmr/m/n/12 )$\TU/Vazirmatn(0)/m/it/12 ) استخراج می‌کنند. این رویکردها با چالش
‌های[]
 []

[354]
Overfull \hbox (48.15475pt too wide) in paragraph at lines 8--9
[][]\TU/Vazirmatn(0)/b/n/12 فضاهای عمل پیوسته ([]\TU/LiberationSerif(0)/b/n/12 
Continuous Action Spaces[]\TU/Vazirmatn(0)/b/n/12 ): \TU/Vazirmatn(0)/m/it/12 ح
ل مسئله بیشینه‌سازی پیوسته $[][] \OML/cmm/m/it/12 Q\OT1/cmr/m/n/12 (\OML/cmm/m/
it/12 s; a\OT1/cmr/m/n/12 )$[]
 []


Overfull \hbox (11.95895pt too wide) in paragraph at lines 9--10
[][]\TU/Vazirmatn(0)/b/n/12 خط‌مشی‌های تصادفی بهینه ([]\TU/LiberationSerif(0)/b
/n/12 Stochastic Policies[]\TU/Vazirmatn(0)/b/n/12 ): \TU/Vazirmatn(0)/m/it/12 
در محیط‌های با مشاهدات جزئی ([]\TU/LiberationSerif(0)/m/n/12 POMDPs[]\TU/Vazirm
atn(0)/m/it/12 )[]
 []


Package pgf Warning: Returning node center instead of a point on node border. D
id you specify a point identical to the center of node ``trpo''? on input line 
80.


Overfull \hbox (22.25409pt too wide) in paragraph at lines 60--83
 [][][][][] 
 []

[355] [356]
Overfull \hbox (39.81645pt too wide) detected at line 138
[][][]\OML/cmm/m/it/12 G\OT1/cmr/m/n/12 (\OML/cmm/m/it/12 ^^R\OT1/cmr/m/n/12 ) 
= \U/msb/m/n/12 E[] [] \OT1/cmr/m/n/12 = \U/msb/m/n/12 E[] [] \OML/cmm/m/it/12 
:
 []


Overfull \hbox (27.09805pt too wide) in paragraph at lines 142--144
[]\TU/Vazirmatn(0)/m/it/12 کاکاده [[]] نشان داد که اگر تابع ارزش با تقریب‌زننده
 خطی سازگار ([]\TU/LiberationSerif(0)/m/n/12 Compatible Function Approximation[
]\TU/Vazirmatn(0)/m/it/12 )[]
 []


Overfull \hbox (3.26212pt too wide) in paragraph at lines 146--147
[]\TU/Vazirmatn(0)/m/it/12 کاکاده و لنگفورد [[]] اتحاد تفاوت عملکرد ([]\TU/Libe
rationSerif(0)/m/n/12 Performance Difference Lemma[]\TU/Vazirmatn(0)/m/it/12 ) 
را برای هر دو خط‌مشی[]
 []

[357]
Package hyperref Info: bookmark level for unknown algorithm defaults to 0 on in
put line 175.

Overfull \hbox (13.88907pt too wide) in paragraph at lines 195--196
[]\TU/Vazirmatn(0)/m/it/12 گایست، شرر و پیتکین [[]] با معرفی عملگرهای بلمن منظم
‌شده از طریق تبدیل لژاندر-فنچل ([]\TU/LiberationSerif(0)/m/n/12 Legendre-[][]
 []


Overfull \hbox (7.86758pt too wide) in paragraph at lines 203--205
[]\TU/Vazirmatn(0)/m/it/12 با استفاده از \TU/Vazirmatn(0)/b/n/12 اتحاد سه‌نقطه‌
ای برگمن ([]\TU/LiberationSerif(0)/b/n/12 Three-Point Identity[]\TU/Vazirmatn(0
)/b/n/12 )\TU/Vazirmatn(0)/m/it/12 ، نرخ همگرایی میانگین حسرت ([]\TU/Liberation
Serif(0)/m/n/12 Regret[]\TU/Vazirmatn(0)/m/it/12 )[]
 []

[358]
Overfull \hbox (8.023pt too wide) in paragraph at lines 294--304
 [][][][] 
 []

) (./models/ReinforcementLearning/PPO.tex [359]
Overfull \hbox (19.52927pt too wide) in paragraph at lines 10--11
[][]\TU/Vazirmatn(0)/b/n/12 روش‌های گرادیان خط‌مشی استاندارد ([]\TU/LiberationS
erif(0)/b/n/12 Vanilla Policy Gradient[]\TU/Vazirmatn(0)/b/n/12 ): \TU/Vazirmat
n(0)/m/it/12 روش‌هایی نظیر []\TU/LiberationSerif(0)/m/n/12 REINFORCE[][]
 []


Overfull \hbox (0.11563pt too wide) in paragraph at lines 14--15
[]\TU/Vazirmatn(0)/m/it/12 بهینه‌سازهای مشتق اول ([]\TU/LiberationSerif(0)/m/n/
12 First-Order Optimizers[]\TU/Vazirmatn(0)/m/it/12 ) نظیر بهینه‌ساز []\TU/Libe
rationSerif(0)/m/n/12 Adam[] \TU/Vazirmatn(0)/m/it/12 [[]] و با سادگی پیاده‌ساز
ی[]
 []

[360] [361]
Overfull \hbox (56.33774pt too wide) in paragraph at lines 109--148
 [][][][][][] 
 []

[362] [363]) (./models/ReinforcementLearning/GRPO.tex [364] [365] [366]
[367] [368]

Package pgf Warning: Returning node center instead of a point on node border. D
id you specify a point identical to the center of node ``sync''? on input line 
185.


Overfull \hbox (113.37971pt too wide) in paragraph at lines 145--188
 [][][][][][] 
 []

[369] [370]) (./models/ReinforcementLearning/GSPO.tex
Overfull \hbox (0.66818pt too wide) in paragraph at lines 1--1
[]|[]\TU/Vazirmatn(0)/b/n/17.28 الگوریتم بهینه‌سازی توالی گروهی خط‌مشی ([]\TU/L
iberationSerif(0)/b/n/17.28 Group Sequence[][] 
 []

[371]
Overfull \hbox (2.1113pt too wide) in paragraph at lines 22--23
[]\TU/Vazirmatn(0)/m/it/12 ([]\TU/LiberationSerif(0)/m/n/12 Off-Policy Correcti
on[]\TU/Vazirmatn(0)/m/it/12 ) و عملگر برش در سطح توکن‌های مجزا، فرمول‌بندی ناد
رست و ناسازگاری[]
 []

[372]
Overfull \hbox (9.36203pt too wide) in paragraph at lines 42--43
[][]\TU/Vazirmatn(0)/m/it/12 نسبت اهمیت توالی $\OML/cmm/m/it/12 s[]\OT1/cmr/m/n
/12 (\OML/cmm/m/it/12 ^^R\OT1/cmr/m/n/12 )$ \TU/Vazirmatn(0)/m/it/12 بر اساس مف
هوم درستی‌نمایی توالی با نرمال‌سازی طولی ([]\TU/LiberationSerif(0)/m/n/12 Lengt
h-Normalized[][]
 []

[373]
Overfull \hbox (3.93292pt too wide) in paragraph at lines 103--105
[][]\TU/LiberationSerif(0)/b/n/12 Qwen3-30B-A3B[] \TU/Vazirmatn(0)/m/it/12 با ۴
۸ لایه، پس از هر به‌روزرسانی گرادیان، تخصیص حدود ۱۰٪ از روترهای متخصصان[]
 []

[374]
Overfull \hbox (160.23457pt too wide) in paragraph at lines 126--155
 [][][][][][] 
 []

[375] [376]) (./models/ReinforcementLearning/DAPO.tex
Overfull \hbox (4.9994pt too wide) in paragraph at lines 1--1
[]\TU/Vazirmatn(0)/b/n/17.28 ([]\TU/LiberationSerif(0)/b/n/17.28 Decoupled Clip
 and Dynamic Sampling Policy Optimiza-[][] 
 []

[377]
Overfull \hbox (0.20874pt too wide) in paragraph at lines 7--8
[]\TU/Vazirmatn(0)/m/it/12 اصلی حل مسائل ریاضیات پیشرفته و برنامه‌نویسی مبدل گش
ت. با این وجود، به دلیل پنهان نگه‌داشتن[]
 []

[378]
Overfull \hbox (25.25891pt too wide) detected at line 29
[][][]\OMS/cmsy/m/n/12 r[]\OML/cmm/m/it/12 J\OT1/cmr/m/n/12 (\OML/cmm/m/it/12 ^
^R\OT1/cmr/m/n/12 ) = [] \OMS/cmsy/m/n/12 r[]\OML/cmm/m/it/12 P\OT1/cmr/m/n/12 
(\OML/cmm/m/it/12 ^^\\OT1/cmr/m/n/12 ; \OML/cmm/m/it/12 ^^R\OT1/cmr/m/n/12 )\OM
L/cmm/m/it/12 R\OT1/cmr/m/n/12 (\OML/cmm/m/it/12 ^^\\OT1/cmr/m/n/12 ) \OML/cmm/
m/it/12 d^^\ \OT1/cmr/m/n/12 = [] \OML/cmm/m/it/12 P\OT1/cmr/m/n/12 (\OML/cmm/m
/it/12 ^^\\OT1/cmr/m/n/12 ; \OML/cmm/m/it/12 ^^R\OT1/cmr/m/n/12 )\OMS/cmsy/m/n/
12 r[] [] \OML/cmm/m/it/12 P\OT1/cmr/m/n/12 (\OML/cmm/m/it/12 ^^\\OT1/cmr/m/n/1
2 ; \OML/cmm/m/it/12 ^^R\OT1/cmr/m/n/12 )\OML/cmm/m/it/12 R\OT1/cmr/m/n/12 (\OM
L/cmm/m/it/12 ^^\\OT1/cmr/m/n/12 ) \OML/cmm/m/it/12 d^^\ \OT1/cmr/m/n/12 = \U/m
sb/m/n/12 E[] []
 []


Overfull \hbox (13.93204pt too wide) in paragraph at lines 36--37
[][]\TU/Vazirmatn(0)/m/it/12 با استفاده از نمونه‌برداری ترجیحی ([]\TU/Liberatio
nSerif(0)/m/n/12 Importance Sampling[]\TU/Vazirmatn(0)/m/it/12 ) برای استفاده م
جدد از داده‌های جمع‌آوری‌شده[]
 []


Overfull \hbox (64.88864pt too wide) detected at line 53
[][][]\OML/cmm/m/it/12 J[]\OT1/cmr/m/n/12 (\OML/cmm/m/it/12 ^^R\OT1/cmr/m/n/12 
) = \U/msb/m/n/12 E[] []
 []

[379] [380] [381] [382]) (./models/ReinforcementLearning/SAPO.tex
Overfull \hbox (1.23631pt too wide) in paragraph at lines 1--1
[]|[]\TU/Vazirmatn(0)/b/n/17.28 الگوریتم بهینه‌سازی خط‌مشی تطبیقی نرم ([]\TU/Li
berationSerif(0)/b/n/17.28 Soft Adaptive Pol-[][] 
 []

[383]
Overfull \hbox (29.89925pt too wide) in paragraph at lines 18--19
[]\TU/Vazirmatn(0)/m/it/12 یک مدل زبانی خودبازگشت به عنوان خط‌مشی تصادفی $\OML/
cmm/m/it/12 ^^Y[]$ \TU/Vazirmatn(0)/m/it/12 بر روی توالی توکن‌های پاسخ $\OML/cm
m/m/it/12 y \OT1/cmr/m/n/12 = (\OML/cmm/m/it/12 y[]; y[]; [] ; y[]\OT1/cmr/m/n/
12 )$[]
 []

[384] [385]
Overfull \hbox (7.76164pt too wide) in paragraph at lines 125--125
[]|\TU/Vazirmatn(0)/b/n/14.4 چارچوب یکپارچه سوروگیت و اثبات همگرایی به دروازه ت
والی (اتصال []\TU/LiberationSerif(0)/b/n/14.4 SAPO–GSPO[]\TU/Vazirmatn(0)/b/n/1
4.4 )| []
 []


Overfull \hbox (6.33315pt too wide) in paragraph at lines 130--131
[][]\TU/Vazirmatn(0)/b/n/12 فرض A۲ (پراکندگی پایین درون توالی): \TU/Vazirmatn(0
)/m/it/12 با تعریف $\OML/cmm/m/it/12 z[] \U/msa/m/n/12 , [] \OML/cmm/m/it/12 r[
]\OT1/cmr/m/n/12 (\OML/cmm/m/it/12 ^^R\OT1/cmr/m/n/12 )$ \TU/Vazirmatn(0)/m/it/
12 و میانگین $\OML/cmm/m/it/12 ^^V[] \U/msa/m/n/12 , [] [][] \OML/cmm/m/it/12 z
[] \OT1/cmr/m/n/12 =$[]
 []

[386]
Overfull \hbox (5.33012pt too wide) in paragraph at lines 174--175
[]$[][]\OT1/cmr/m/n/12 (\OML/cmm/m/it/12 ^^R\OT1/cmr/m/n/12 )$ \TU/Vazirmatn(0)
/m/it/12 در مدل‌های متراکم ([]\TU/LiberationSerif(0)/m/n/12 Dense[]\TU/Vazirmat
n(0)/m/it/12 ) نظیر []\TU/LiberationSerif(0)/m/n/12 Qwen3-4B[] \TU/Vazirmatn(0)
/m/it/12 کمتر از $\OT1/cmr/m/n/12 0\OML/cmm/m/it/12 :\OT1/cmr/m/n/12 005$ \TU/V
azirmatn(0)/m/it/12 و در مدل‌های ترکیبی از متخصصان[]
 []

[387]
Overfull \hbox (64.49661pt too wide) in paragraph at lines 193--231
 [][][][][][] 
 []

[388]
Overfull \hbox (18.96141pt too wide) in paragraph at lines 291--300
 [][][][] 
 []


Overfull \hbox (46.96658pt too wide) in paragraph at lines 309--318
 [][][][] 
 []


Overfull \hbox (2.19962pt too wide) in paragraph at lines 320--322
[][]\TU/Vazirmatn(0)/b/n/12 آموزش مدل‌های چندوجهی ([]\TU/LiberationSerif(0)/b/n
/12 Qwen3-VL[]\TU/Vazirmatn(0)/b/n/12 ): \TU/Vazirmatn(0)/m/it/12 در ارزیابی‌ها
ی مقیاس بزرگ روی سری مدل‌های چندوجهی[]
 []

[389]) (./models/ReinforcementLearning/CISPO.tex
Overfull \hbox (36.72163pt too wide) in paragraph at lines 1--1
[]|[]\TU/Vazirmatn(0)/b/n/17.28 الگوریتم بهینه‌سازی خط‌مشی با ضریب اهمیت برش‌خو
رده ([]\TU/LiberationSerif(0)/b/n/17.28 Clipped[][] 
 []


Overfull \hbox (13.9238pt too wide) in paragraph at lines 11--12
[]\TU/Vazirmatn(0)/m/it/12 طولانی مانند تفکر انتقادی و تصحیح مسیر، به توکن‌های 
کلیدی و اتصال‌دهنده‌ای نظیر «[]\TU/LiberationSerif(0)/m/n/12 However[]\TU/Vazir
matn(0)/m/it/12 »،[]
 []

[390] [391]
Overfull \hbox (6.92038pt too wide) in paragraph at lines 53--54
[][]\TU/Vazirmatn(0)/m/it/12 در فرمولاسیون []\TU/LiberationSerif(0)/b/n/12 GRPO
[] \TU/Vazirmatn(0)/m/it/12 [[]]، برای هر پرسش $\OML/cmm/m/it/12 q$ \TU/Vazirma
tn(0)/m/it/12 تعداد $\OML/cmm/m/it/12 G$ \TU/Vazirmatn(0)/m/it/12 خروجی $\OMS/c
msy/m/n/12 f\OML/cmm/m/it/12 o[]\OMS/cmsy/m/n/12 g[]$ \TU/Vazirmatn(0)/m/it/12 
تولید شده و مزیت درون‌گروهی[]
 []

[392]
Overfull \hbox (0.62344pt too wide) in paragraph at lines 130--131
[]\TU/Vazirmatn(0)/m/it/12 مدل []\TU/LiberationSerif(0)/b/n/12 MiniMax-M1[] \TU
/Vazirmatn(0)/m/it/12 از ساختار ترکیبی متشکل از ۷ بلوک []\TU/LiberationSerif(0)
/m/n/12 Transnormer[] \TU/Vazirmatn(0)/m/it/12 با مکانیزم توجه خطی صاعقه‌ای[]
 []


Overfull \hbox (5.90787pt too wide) in paragraph at lines 133--134
[][]\TU/Vazirmatn(0)/b/n/12 پیکربندی بهینه‌ساز []\TU/LiberationSerif(0)/b/n/12 
AdamW[]\TU/Vazirmatn(0)/b/n/12 : \TU/Vazirmatn(0)/m/it/12 با توجه به بازه گسترد
ه بزرگی گرادیان‌ها ($\OT1/cmr/m/n/12 10[]$ \TU/Vazirmatn(0)/m/it/12 تا $\OT1/cm
r/m/n/12 10[]$\TU/Vazirmatn(0)/m/it/12 )، پارامترهای[]
 []

[393]
Overfull \hbox (221.83636pt too wide) in paragraph at lines 155--189
 [][][][][][] 
 []

[394] [395]) (./models/ReinforcementLearning/RLVR.tex
Overfull \hbox (6.53317pt too wide) in paragraph at lines 10--11
[]\TU/Vazirmatn(0)/m/it/12 حل مسائل ریاضیات [[]، []]، اجرای کدهای برنامه‌نویسی 
و آزمون‌های ساختاریافته دستورپذیری[]
 []

[396] [397] [398]
Overfull \hbox (245.53867pt too wide) in paragraph at lines 115--150
 [][][][][][] 
 []

[399]
Overfull \hbox (100.59425pt too wide) in paragraph at lines 210--226
 [][][][] 
 []

[400]) (./models/ReinforcementLearning/RLVR_GRPO.tex
Overfull \hbox (39.39355pt too wide) in paragraph at lines 1--1
[]|[]\TU/Vazirmatn(0)/b/n/17.28 الگوریتم یادگیری تقویتی با پاداش‌های قابل اعتبا
رسنجی و بهینه‌سازی[] 
 []

[401] [402]
Overfull \hbox (14.9685pt too wide) in paragraph at lines 80--82
[][]\TU/Vazirmatn(0)/b/n/12 ۷. نمونه‌برداری فعال پویا ([]\TU/LiberationSerif(0)
/b/n/12 Active Dynamic Sampling[]\TU/Vazirmatn(0)/b/n/12 ): \TU/Vazirmatn(0)/m/
it/12 صف توزیع‌شده به صورت بلادرنگ پرامپت‌های[]
 []


Overfull \hbox (85.62689pt too wide) detected at line 88
[][][]\OML/cmm/m/it/12 J\OT1/cmr/m/n/12 (\OML/cmm/m/it/12 ^^R\OT1/cmr/m/n/12 ) 
= [] [] [] [] [] \OMS/cmsy/m/n/12 ^^A [] []
 []

[403]
Overfull \hbox (8.43942pt too wide) in paragraph at lines 96--97
[][]\TU/Vazirmatn(0)/b/n/12 پیروی دقیق از دستورالعمل ([]\TU/LiberationSerif(0)/
b/n/12 Precise Instruction Following[]\TU/Vazirmatn(0)/b/n/12 ): \TU/Vazirmatn(
0)/m/it/12 ارزیابی پایبندی به قیود ساختاری[]
 []

[404]
Overfull \hbox (165.88301pt too wide) in paragraph at lines 133--165
 [][][][][][] 
 []

[405]
Overfull \hbox (114.6157pt too wide) in paragraph at lines 223--233
 [][][][] 
 []


Overfull \hbox (106.29543pt too wide) in paragraph at lines 239--252
 [][][][] 
 []

) [406] [407]) [408] (./main.bbl
Missing character: There is no م (U+0645) in font Liberation Serif Bold/OT:scri
pt=latn;language=dflt;mapping=tex-text;!
Missing character: There is no ن (U+0646) in font Liberation Serif Bold/OT:scri
pt=latn;language=dflt;mapping=tex-text;!
Missing character: There is no ا (U+0627) in font Liberation Serif Bold/OT:scri
pt=latn;language=dflt;mapping=tex-text;!
Missing character: There is no ب (U+0628) in font Liberation Serif Bold/OT:scri
pt=latn;language=dflt;mapping=tex-text;!
Missing character: There is no ع (U+0639) in font Liberation Serif Bold/OT:scri
pt=latn;language=dflt;mapping=tex-text;!

Underfull \hbox (badness 1478) in paragraph at lines 110--114
[][]\TU/LiberationSerif(0)/m/n/12 Armand Joulin, Edouard Grave, Piotr Bojanowsk
i, Matthijs Douze, Hérve Jégou, and[]
 []

[409] [410] [411] [412]
Underfull \hbox (badness 1675) in paragraph at lines 403--408
[][]\TU/LiberationSerif(0)/m/n/12 Aryo Pradipta Gema, Joshua Ong Jun Leang, Giw
on Hong, Alessio Devoto, Alberto[]
 []


Underfull \hbox (badness 1292) in paragraph at lines 403--408
[]\TU/LiberationSerif(0)/m/n/12 Carlo Maria Mancino, Rohit Saxena, Xuanli He, Y
u Zhao, Xiaotang Du, Mohammad[]
 []


Underfull \hbox (badness 1092) in paragraph at lines 410--415
[]\TU/LiberationSerif(0)/m/n/12 bust and Challenging Multi-Task Language Unders
tanding Benchmark.  \TU/LiberationSerif(0)/m/it/12 arXiv preprint[]
 []

[413] [414] [415]
Underfull \hbox (badness 1502) in paragraph at lines 742--746
[][]\TU/LiberationSerif(0)/m/n/12 Songlin Yang and Yu Zhang.  Fla: A triton-bas
ed library for hardware-efficient im-[]
 []


Underfull \hbox (badness 10000) in paragraph at lines 742--746
[]\TU/LiberationSerif(0)/m/n/12 plementations of linear attention mechanism.  [
][][]$[][][][][] [] [] [] [][][][][][] [] [][][] [] [][][][][][][][] []$[][]
 []

[416] [417] [418] [419]
Underfull \hbox (badness 2495) in paragraph at lines 1092--1095
[][]\TU/LiberationSerif(0)/m/n/12 GLM-5 Team.  Glm-5: from vibe coding to agent
ic engineering.  \TU/LiberationSerif(0)/m/it/12 arXiv preprint[]
 []


Underfull \hbox (badness 2221) in paragraph at lines 1118--1121
[][]\TU/LiberationSerif(0)/m/n/12 NVIDIA.  NVIDIA Nemotron 3: Efficient and Ope
n Intelligence.  \TU/LiberationSerif(0)/m/it/12 arXiv preprint[]
 []


Underfull \hbox (badness 1694) in paragraph at lines 1146--1150
[][]\TU/LiberationSerif(0)/m/n/12 B. D. Rouhani, R. Zhao, A. More, M. Hall, A. 
Khodamoradi, S. Deng, D. Choud-[]
 []

[420]
Underfull \hbox (badness 1616) in paragraph at lines 1230--1233
[][]\TU/LiberationSerif(0)/m/n/12 Kimi Team.  Kimi k1.5: Scaling reinforcement 
learning with llms.  \TU/LiberationSerif(0)/m/it/12 arXiv preprint[]
 []

[421] [422] [423]
Underfull \hbox (badness 2221) in paragraph at lines 1541--1544
[][]\TU/LiberationSerif(0)/m/n/12 NVIDIA.  NVIDIA Nemotron 3: Efficient and Ope
n Intelligence.  \TU/LiberationSerif(0)/m/it/12 arXiv preprint[]
 []

[424] [425] [426] [427] [428] [429] [430] [431] [432]
Underfull \hbox (badness 1960) in paragraph at lines 2333--2336
[][]\TU/LiberationSerif(0)/m/n/12 Mingzhi Chen, Taiming Lu, Jiachen Zhu, Mingji
e Sun, and Zhuang Liu.  Stronger[]
 []

[433] [434] [435] [436] [437]
Underfull \hbox (badness 1377) in paragraph at lines 2834--2838
[][]\TU/LiberationSerif(0)/m/n/12 Jeremy Bernstein, Yu-Xiang Wang, Kamyar Azizz
adenesheli, and Anima Anandkumar.[]
 []

[438] [439]
Underfull \hbox (badness 1490) in paragraph at lines 3038--3043
[][]\TU/LiberationSerif(0)/m/n/12 Guangxuan Xiao, Ji Lin, Mickael Seznec, Hao W
u, Julien Demouth, and Song Han.[]
 []

[440] [441]
Underfull \hbox (badness 1975) in paragraph at lines 3195--3200
[][]\TU/LiberationSerif(0)/m/n/12 Baha Rababah, Shahzeb Qamar, Lorenz Sparrenbe
rg, Rafet Sifa, Murat Kantarcioglu,[]
 []

[442] [443] [444]
Underfull \hbox (badness 10000) in paragraph at lines 3494--3497
[][]\TU/LiberationSerif(0)/m/n/12 OpenAI.  Learning to reason with llms.  [][][
]$[][][][][] [] [] [] [][][][][][] [] [][][] [] [][][][][] []$[][]
 []

[445] [446] [447] [448] [449] [450] [451]) [452] (./main.aux)
 ***********
LaTeX2e <2025-11-01>
L3 programming layer <2026-01-19>
 ***********


LaTeX Font Warning: Some font shapes were not available, defaults substituted.


LaTeX Warning: There were undefined references.


LaTeX Warning: There were multiply-defined labels.

Package rerunfilecheck Info: File `main.out' has not changed.
(rerunfilecheck)             Checksum: 4961A668EA8A9D0A4DA6299E50B3C7ED;13504.
 ) 
Here is how much of TeX's memory you used:
 36130 strings out of 469704
 769418 string characters out of 5467967
 1228913 words of memory out of 5000000
 63747 multiletter control sequences out of 15000+600000
 643066 words of font info for 173 fonts, out of 8000000 for 9000
 286 hyphenation exceptions out of 8191
 88i,21n,106p,1234b,1542s stack positions out of 10000i,1000n,20000p,200000b,200000s

Output written on main.pdf (453 pages).
